record_type,source_provider_id,source_provider_name,source_provider_website,operator_id,operator_name,location_id,location_name,location_area,waterway,review_identity,review_rank,osm_url,latitude,longitude,source_url,source_kind,google_search_url,existing_website,official_location_name,booking_url,hire_type,evidence_url,phone,email,enrichment_status,notes
company_base,anglo-welsh,Anglo Welsh,https://www.anglowelsh.co.uk/,,,base:bath,Bath,,,,,,,,https://www.anglowelsh.co.uk/locations/,official_base_page,https://www.google.com/search?q=Anglo+Welsh+Bath+boat+hire,,Bath,,,,,,needs_osm_match,"Published source-provider base; verify the operating rental company, exact pickup point, and OSM match."
company_base,anglo-welsh,Anglo Welsh,https://www.anglowelsh.co.uk/,,,base:bradford-on-avon,Bradford on Avon,,,,,,,,https://www.anglowelsh.co.uk/locations/,official_base_page,https://www.google.com/search?q=Anglo+Welsh+Bradford+on+Avon+boat+hire,,Bradford on Avon,,,,,,needs_osm_match,"Published source-provider base; verify the operating rental company, exact pickup point, and OSM match."
company_base,anglo-welsh,Anglo Welsh,https://www.anglowelsh.co.uk/,,,base:bunbury,Bunbury,,,,,,,,https://www.anglowelsh.co.uk/locations/,official_base_page,https://www.google.com/search?q=Anglo+Welsh+Bunbury+boat+hire,,Bunbury,,,,,,needs_osm_match,"Published source-provider base; verify the operating rental company, exact pickup point, and OSM match."
company_base,anglo-welsh,Anglo Welsh,https://www.anglowelsh.co.uk/,,,base:great-haywood,Great Haywood,,,,,,,,https://www.anglowelsh.co.uk/locations/,official_base_page,https://www.google.com/search?q=Anglo+Welsh+Great+Haywood+boat+hire,,Great Haywood,,,,,,needs_osm_match,"Published source-provider base; verify the operating rental company, exact pickup point, and OSM match."
company_base,anglo-welsh,Anglo Welsh,https://www.anglowelsh.co.uk/,,,base:monkton-combe,Monkton Combe,,,,,,,,https://www.anglowelsh.co.uk/locations/,official_base_page,https://www.google.com/search?q=Anglo+Welsh+Monkton+Combe+boat+hire,,Monkton Combe,,,,,,needs_osm_match,"Published source-provider base; verify the operating rental company, exact pickup point, and OSM match."
company_base,anglo-welsh,Anglo Welsh,https://www.anglowelsh.co.uk/,,,base:silsden,Silsden,,,,,,,,https://www.anglowelsh.co.uk/locations/,official_base_page,https://www.google.com/search?q=Anglo+Welsh+Silsden+boat+hire,,Silsden,,,,,,needs_osm_match,"Published source-provider base; verify the operating rental company, exact pickup point, and OSM match."
company_base,anglo-welsh,Anglo Welsh,https://www.anglowelsh.co.uk/,,,base:trevor,Trevor,,,,,,,,https://www.anglowelsh.co.uk/locations/,official_base_page,https://www.google.com/search?q=Anglo+Welsh+Trevor+boat+hire,,Trevor,,,,,,needs_osm_match,"Published source-provider base; verify the operating rental company, exact pickup point, and OSM match."
company_base,anglo-welsh,Anglo Welsh,https://www.anglowelsh.co.uk/,,,base:whixall,Whixall,,,,,,,,https://www.anglowelsh.co.uk/locations/,official_base_page,https://www.google.com/search?q=Anglo+Welsh+Whixall+boat+hire,,Whixall,,,,,,needs_osm_match,"Published source-provider base; verify the operating rental company, exact pickup point, and OSM match."
company_base,anglo-welsh,Anglo Welsh,https://www.anglowelsh.co.uk/,,,base:wootton-wawen,Wootton Wawen,,,,,,,,https://www.anglowelsh.co.uk/locations/,official_base_page,https://www.google.com/search?q=Anglo+Welsh+Wootton+Wawen+boat+hire,,Wootton Wawen,,,,,,needs_osm_match,"Published source-provider base; verify the operating rental company, exact pickup point, and OSM match."
company_base,black-prince,Black Prince Holidays,https://www.black-prince.com/,,,base:acton-bridge-cheshire,"Acton Bridge, Cheshire",,,,,,,,https://www.black-prince.com/locations/,official_base_page,https://www.google.com/search?q=Black+Prince+Holidays+Acton+Bridge%2C+Cheshire+boat+hire,,"Acton Bridge, Cheshire",,,,,,needs_osm_match,"Published source-provider base; verify the operating rental company, exact pickup point, and OSM match."
company_base,black-prince,Black Prince Holidays,https://www.black-prince.com/,,,base:bradford-on-avon-wiltshire,"Bradford on Avon, Wiltshire",,,,,,,,https://www.black-prince.com/locations/,official_base_page,https://www.google.com/search?q=Black+Prince+Holidays+Bradford+on+Avon%2C+Wiltshire+boat+hire,,"Bradford on Avon, Wiltshire",,,,,,needs_osm_match,"Published source-provider base; verify the operating rental company, exact pickup point, and OSM match."
company_base,black-prince,Black Prince Holidays,https://www.black-prince.com/,,,base:chirk-north-wales,"Chirk, North Wales",,,,,,,,https://www.black-prince.com/locations/,official_base_page,https://www.google.com/search?q=Black+Prince+Holidays+Chirk%2C+North+Wales+boat+hire,,"Chirk, North Wales",,,,,,needs_osm_match,"Published source-provider base; verify the operating rental company, exact pickup point, and OSM match."
company_base,black-prince,Black Prince Holidays,https://www.black-prince.com/,,,base:ely-cambridgeshire,"Ely, Cambridgeshire",,,,,,,,https://www.black-prince.com/locations/,official_base_page,https://www.google.com/search?q=Black+Prince+Holidays+Ely%2C+Cambridgeshire+boat+hire,,"Ely, Cambridgeshire",,,,,,needs_osm_match,"Published source-provider base; verify the operating rental company, exact pickup point, and OSM match."
company_base,black-prince,Black Prince Holidays,https://www.black-prince.com/,,,base:falkirk-scotland,"Falkirk, Scotland",,,,,,,,https://www.black-prince.com/locations/,official_base_page,https://www.google.com/search?q=Black+Prince+Holidays+Falkirk%2C+Scotland+boat+hire,,"Falkirk, Scotland",,,,,,needs_osm_match,"Published source-provider base; verify the operating rental company, exact pickup point, and OSM match."
company_base,black-prince,Black Prince Holidays,https://www.black-prince.com/,,,base:lower-heyford-oxfordshire,"Lower Heyford, Oxfordshire",,,,,,,,https://www.black-prince.com/locations/,official_base_page,https://www.google.com/search?q=Black+Prince+Holidays+Lower+Heyford%2C+Oxfordshire+boat+hire,,"Lower Heyford, Oxfordshire",,,,,,needs_osm_match,"Published source-provider base; verify the operating rental company, exact pickup point, and OSM match."
company_base,black-prince,Black Prince Holidays,https://www.black-prince.com/,,,base:napton-warwickshire,"Napton, Warwickshire",,,,,,,,https://www.black-prince.com/locations/,official_base_page,https://www.google.com/search?q=Black+Prince+Holidays+Napton%2C+Warwickshire+boat+hire,,"Napton, Warwickshire",,,,,,needs_osm_match,"Published source-provider base; verify the operating rental company, exact pickup point, and OSM match."
company_base,black-prince,Black Prince Holidays,https://www.black-prince.com/,,,base:stoke-prior-worcester,"Stoke Prior, Worcester",,,,,,,,https://www.black-prince.com/locations/,official_base_page,https://www.google.com/search?q=Black+Prince+Holidays+Stoke+Prior%2C+Worcester+boat+hire,,"Stoke Prior, Worcester",,,,,,needs_osm_match,"Published source-provider base; verify the operating rental company, exact pickup point, and OSM match."
company_base,black-prince,Black Prince Holidays,https://www.black-prince.com/,,,base:stoke-on-trent-staffordshire,"Stoke-on-Trent, Staffordshire",,,,,,,,https://www.black-prince.com/locations/,official_base_page,https://www.google.com/search?q=Black+Prince+Holidays+Stoke-on-Trent%2C+Staffordshire+boat+hire,,"Stoke-on-Trent, Staffordshire",,,,,,needs_osm_match,"Published source-provider base; verify the operating rental company, exact pickup point, and OSM match."
company_base,canal-holidays,Canal Holidays,https://www.canalholidays.com/,,,base:10,Base 10,near the Falkirk Wheel,Union and Forth and Clyde Canals,,,,56.000301,-3.843051,https://www.canalholidays.com/bases/10.htm,official_base_page,https://www.google.com/search?q=Canal+Holidays+Base+10+boat+hire,,Base 10,,,,,,needs_osm_match,"Published source-provider base; verify the operating rental company, exact pickup point, and OSM match."
company_base,canal-holidays,Canal Holidays,https://www.canalholidays.com/,,,base:13,Base 13,near Skipton,Leeds and Liverpool Canal,,,,53.911738,-1.93821,https://www.canalholidays.com/bases/13.htm,official_base_page,https://www.google.com/search?q=Canal+Holidays+Base+13+boat+hire,,Base 13,,,,,,needs_osm_match,"Published source-provider base; verify the operating rental company, exact pickup point, and OSM match."
company_base,canal-holidays,Canal Holidays,https://www.canalholidays.com/,,,base:15,Base 15,south of Manchester,Cheshire Ring,,,,53.283894101439,-2.59839947993203,https://www.canalholidays.com/bases/15.htm,official_base_page,https://www.google.com/search?q=Canal+Holidays+Base+15+boat+hire,,Base 15,,,,,,needs_osm_match,"Published source-provider base; verify the operating rental company, exact pickup point, and OSM match."
company_base,canal-holidays,Canal Holidays,https://www.canalholidays.com/,,,base:16,Base 16,"south of Manchester, north-east of Chester",Cheshire Ring,,,,53.2773540527866,-2.52680338235449,https://www.canalholidays.com/bases/16.htm,official_base_page,https://www.google.com/search?q=Canal+Holidays+Base+16+boat+hire,,Base 16,,,,,,needs_osm_match,"Published source-provider base; verify the operating rental company, exact pickup point, and OSM match."
company_base,canal-holidays,Canal Holidays,https://www.canalholidays.com/,,,base:18,Base 18,near Chester,Shropshire Union Canal,,,,53.126983,-2.632622,https://www.canalholidays.com/bases/18.htm,official_base_page,https://www.google.com/search?q=Canal+Holidays+Base+18+boat+hire,,Base 18,,,,,,needs_osm_match,"Published source-provider base; verify the operating rental company, exact pickup point, and OSM match."
company_base,canal-holidays,Canal Holidays,https://www.canalholidays.com/,,,base:19,Base 19,south of Chester,Llangollen Canal,,,,53.0279769888161,-2.61230557122222,https://www.canalholidays.com/bases/19.htm,official_base_page,https://www.google.com/search?q=Canal+Holidays+Base+19+boat+hire,,Base 19,,,,,,needs_osm_match,"Published source-provider base; verify the operating rental company, exact pickup point, and OSM match."
company_base,canal-holidays,Canal Holidays,https://www.canalholidays.com/,,,base:20,Base 20,near Pontcysyllte Aqueduct,Llangollen Canal,,,,52.972641,-3.087449,https://www.canalholidays.com/bases/20.htm,official_base_page,https://www.google.com/search?q=Canal+Holidays+Base+20+boat+hire,,Base 20,,,,,,needs_osm_match,"Published source-provider base; verify the operating rental company, exact pickup point, and OSM match."
company_base,canal-holidays,Canal Holidays,https://www.canalholidays.com/,,,base:22,Base 22,Shropshire market town,Llangollen Canal,,,,52.9812166525726,-2.71050330307584,https://www.canalholidays.com/bases/22.htm,official_base_page,https://www.google.com/search?q=Canal+Holidays+Base+22+boat+hire,,Base 22,,,,,,needs_osm_match,"Published source-provider base; verify the operating rental company, exact pickup point, and OSM match."
company_base,canal-holidays,Canal Holidays,https://www.canalholidays.com/,,,base:23,Base 23,"near Chirk, Wales",Llangollen Canal,,,,52.9408908241765,-3.06816140271166,https://www.canalholidays.com/bases/23.htm,official_base_page,https://www.google.com/search?q=Canal+Holidays+Base+23+boat+hire,,Base 23,,,,,,needs_osm_match,"Published source-provider base; verify the operating rental company, exact pickup point, and OSM match."
company_base,canal-holidays,Canal Holidays,https://www.canalholidays.com/,,,base:24,Base 24,Whixall,Llangollen Canal,,,,52.902311,-2.751396,https://www.canalholidays.com/bases/24.htm,official_base_page,https://www.google.com/search?q=Canal+Holidays+Base+24+boat+hire,,Base 24,,,,,,needs_osm_match,"Published source-provider base; verify the operating rental company, exact pickup point, and OSM match."
company_base,canal-holidays,Canal Holidays,https://www.canalholidays.com/,,,base:25,Base 25,near Stoke-on-Trent,Four Counties Ring,,,,53.0233940920513,-2.19629653990381,https://www.canalholidays.com/bases/25.htm,official_base_page,https://www.google.com/search?q=Canal+Holidays+Base+25+boat+hire,,Base 25,,,,,,needs_osm_match,"Published source-provider base; verify the operating rental company, exact pickup point, and OSM match."
company_base,canal-holidays,Canal Holidays,https://www.canalholidays.com/,,,base:26,Base 26,near Stafford,Four Counties Ring,,,,52.8045732980864,-2.00952120605567,https://www.canalholidays.com/bases/26.htm,official_base_page,https://www.google.com/search?q=Canal+Holidays+Base+26+boat+hire,,Base 26,,,,,,needs_osm_match,"Published source-provider base; verify the operating rental company, exact pickup point, and OSM match."
company_base,canal-holidays,Canal Holidays,https://www.canalholidays.com/,,,base:27,Base 27,near Ellesmere,Llangollen Canal,,,,52.902492,-2.889867,https://www.canalholidays.com/bases/27.htm,official_base_page,https://www.google.com/search?q=Canal+Holidays+Base+27+boat+hire,,Base 27,,,,,,needs_osm_match,"Published source-provider base; verify the operating rental company, exact pickup point, and OSM match."
company_base,canal-holidays,Canal Holidays,https://www.canalholidays.com/,,,base:28,Base 28,near Stafford,Four Counties Ring,,,,52.6905798350243,-2.11956348296721,https://www.canalholidays.com/bases/28.htm,official_base_page,https://www.google.com/search?q=Canal+Holidays+Base+28+boat+hire,,Base 28,,,,,,needs_osm_match,"Published source-provider base; verify the operating rental company, exact pickup point, and OSM match."
company_base,canal-holidays,Canal Holidays,https://www.canalholidays.com/,,,base:32,Base 32,official page names Base 32 only,Warwickshire Ring,,,,52.5402295158277,-1.49478293740688,https://www.canalholidays.com/bases/32.htm,official_base_page,https://www.google.com/search?q=Canal+Holidays+Base+32+boat+hire,,Base 32,,,,,,needs_osm_match,"Published source-provider base; verify the operating rental company, exact pickup point, and OSM match."
company_base,canal-holidays,Canal Holidays,https://www.canalholidays.com/,,,base:34,Base 34,Ely,Cambridge Waterways,,,,52.394904,0.270985,https://www.canalholidays.com/bases/34.htm,official_base_page,https://www.google.com/search?q=Canal+Holidays+Base+34+boat+hire,,Base 34,,,,,,needs_osm_match,"Published source-provider base; verify the operating rental company, exact pickup point, and OSM match."
company_base,canal-holidays,Canal Holidays,https://www.canalholidays.com/,,,base:35,Base 35,south of Birmingham,Avon and Stourport Rings,,,,52.3472869393652,-1.96986435296122,https://www.canalholidays.com/bases/35.htm,official_base_page,https://www.google.com/search?q=Canal+Holidays+Base+35+boat+hire,,Base 35,,,,,,needs_osm_match,"Published source-provider base; verify the operating rental company, exact pickup point, and OSM match."
company_base,canal-holidays,Canal Holidays,https://www.canalholidays.com/,,,base:36,Base 36,Lower Heyford,Oxford Canal,,,,51.919096,-1.298742,https://www.canalholidays.com/bases/36.htm,official_base_page,https://www.google.com/search?q=Canal+Holidays+Base+36+boat+hire,,Base 36,,,,,,needs_osm_match,"Published source-provider base; verify the operating rental company, exact pickup point, and OSM match."
company_base,canal-holidays,Canal Holidays,https://www.canalholidays.com/,,,base:38,Base 38,near Tardebigge,Stourport and Avon Rings,,,,52.3017296472382,-2.07213427298403,https://www.canalholidays.com/bases/38.htm,official_base_page,https://www.google.com/search?q=Canal+Holidays+Base+38+boat+hire,,Base 38,,,,,,needs_osm_match,"Published source-provider base; verify the operating rental company, exact pickup point, and OSM match."
company_base,canal-holidays,Canal Holidays,https://www.canalholidays.com/,,,base:39,Base 39,near Stratford upon Avon,Warwickshire area,,,,52.264703,-1.768799,https://www.canalholidays.com/bases/39.htm,official_base_page,https://www.google.com/search?q=Canal+Holidays+Base+39+boat+hire,,Base 39,,,,,,needs_osm_match,"Published source-provider base; verify the operating rental company, exact pickup point, and OSM match."
company_base,canal-holidays,Canal Holidays,https://www.canalholidays.com/,,,base:41,Base 41,south of Northampton,Grand Union Canal,,,,52.1926376573047,-0.945135262543829,https://www.canalholidays.com/bases/41.htm,official_base_page,https://www.google.com/search?q=Canal+Holidays+Base+41+boat+hire,,Base 41,,,,,,needs_osm_match,"Published source-provider base; verify the operating rental company, exact pickup point, and OSM match."
company_base,canal-holidays,Canal Holidays,https://www.canalholidays.com/,,,base:42,Base 42,Worcester,Stourport area,,,,52.196112,-2.217436,https://www.canalholidays.com/bases/42.htm,official_base_page,https://www.google.com/search?q=Canal+Holidays+Base+42+boat+hire,,Base 42,,,,,,needs_osm_match,"Published source-provider base; verify the operating rental company, exact pickup point, and OSM match."
company_base,canal-holidays,Canal Holidays,https://www.canalholidays.com/,,,base:46,Base 46,Bath,Kennet and Avon Canal,,,,51.3831538860652,-2.34921961644197,https://www.canalholidays.com/bases/46.htm,official_base_page,https://www.google.com/search?q=Canal+Holidays+Base+46+boat+hire,,Base 46,,,,,,needs_osm_match,"Published source-provider base; verify the operating rental company, exact pickup point, and OSM match."
company_base,canal-holidays,Canal Holidays,https://www.canalholidays.com/,,,base:47,Base 47,near Trowbridge,Kennet and Avon Canal,,,,51.3385395396047,-2.20592659870856,https://www.canalholidays.com/bases/47.htm,official_base_page,https://www.google.com/search?q=Canal+Holidays+Base+47+boat+hire,,Base 47,,,,,,needs_osm_match,"Published source-provider base; verify the operating rental company, exact pickup point, and OSM match."
company_base,canal-holidays,Canal Holidays,https://www.canalholidays.com/,,,base:48,Base 48,Bradford on Avon,Kennet and Avon Canal,,,,51.34061,-2.25174,https://www.canalholidays.com/bases/48.htm,official_base_page,https://www.google.com/search?q=Canal+Holidays+Base+48+boat+hire,,Base 48,,,,,,needs_osm_match,"Published source-provider base; verify the operating rental company, exact pickup point, and OSM match."
company_base,canal-holidays,Canal Holidays,https://www.canalholidays.com/,,,base:49,Base 49,outside Bradford on Avon,Kennet and Avon Canal,,,,51.335383027699756,-2.237341225137306,https://www.canalholidays.com/bases/49.htm,official_base_page,https://www.google.com/search?q=Canal+Holidays+Base+49+boat+hire,,Base 49,,,,,,needs_osm_match,"Published source-provider base; verify the operating rental company, exact pickup point, and OSM match."
company_base,canal-holidays,Canal Holidays,https://www.canalholidays.com/,,,base:50,Base 50,west of Reading,Kennet and Avon Canal,,,,51.4007248609214,-1.13406900470569,https://www.canalholidays.com/bases/50.htm,official_base_page,https://www.google.com/search?q=Canal+Holidays+Base+50+boat+hire,,Base 50,,,,,,needs_osm_match,"Published source-provider base; verify the operating rental company, exact pickup point, and OSM match."
company_base,canal-holidays,Canal Holidays,https://www.canalholidays.com/,,,base:58,Base 58,Brecon Beacons National Park,Monmouthshire and Brecon Canal,,,,51.752885,-2.997168,https://www.canalholidays.com/bases/58.htm,official_base_page,https://www.google.com/search?q=Canal+Holidays+Base+58+boat+hire,,Base 58,,,,,,needs_osm_match,"Published source-provider base; verify the operating rental company, exact pickup point, and OSM match."
company_base,canal-holidays,Canal Holidays,https://www.canalholidays.com/,,,base:62,Base 62,near Rugby,Oxford Canal,,,,52.2559783723458,-1.31417997134753,https://www.canalholidays.com/bases/62.htm,official_base_page,https://www.google.com/search?q=Canal+Holidays+Base+62+boat+hire,,Base 62,,,,,,needs_osm_match,"Published source-provider base; verify the operating rental company, exact pickup point, and OSM match."
company_base,canal-holidays,Canal Holidays,https://www.canalholidays.com/,,,base:64,Base 64,Bath,Kennet and Avon Canal,,,,51.361511,-2.31188,https://www.canalholidays.com/bases/64.htm,official_base_page,https://www.google.com/search?q=Canal+Holidays+Base+64+boat+hire,,Base 64,,,,,,needs_osm_match,"Published source-provider base; verify the operating rental company, exact pickup point, and OSM match."
company_base,canal-holidays,Canal Holidays,https://www.canalholidays.com/,,,base:65,Base 65,near Lichfield,Four Counties Ring,,,,52.6914322491603,-1.78043012074113,https://www.canalholidays.com/bases/65.htm,official_base_page,https://www.google.com/search?q=Canal+Holidays+Base+65+boat+hire,,Base 65,,,,,,needs_osm_match,"Published source-provider base; verify the operating rental company, exact pickup point, and OSM match."
company_base,canal-holidays,Canal Holidays,https://www.canalholidays.com/,,,base:66,Base 66,Nantwich,Four Counties Ring,,,,53.0711109,-2.5413859,https://www.canalholidays.com/bases/66.htm,official_base_page,https://www.google.com/search?q=Canal+Holidays+Base+66+boat+hire,,Base 66,,,,,,needs_osm_match,"Published source-provider base; verify the operating rental company, exact pickup point, and OSM match."
company_base,canal-holidays,Canal Holidays,https://www.canalholidays.com/,,,base:97,Base 97,near Cambridge and Ely; March area,Cambridge Waterways,,,,52.554061,0.065152,https://www.canalholidays.com/bases/97.htm,official_base_page,https://www.google.com/search?q=Canal+Holidays+Base+97+boat+hire,,Base 97,,,,,,needs_osm_match,"Published source-provider base; verify the operating rental company, exact pickup point, and OSM match."
company_base,drifters,Drifters,https://www.drifters.co.uk/,,,base:acton-bridge,Acton Bridge,,Trent & Mersey Canal,,,,,,https://www.drifters.co.uk/bases/acton-bridge/,official_base_page,https://www.google.com/search?q=Drifters+Acton+Bridge+boat+hire,,Acton Bridge,,,,,,needs_osm_match,"Published source-provider base; verify the operating rental company, exact pickup point, and OSM match."
company_base,drifters,Drifters,https://www.drifters.co.uk/,,,base:aldermaston,Aldermaston,Berkshire,Kennet & Avon Canal,,,,,,https://www.drifters.co.uk/bases/aldermaston/,official_base_page,https://www.google.com/search?q=Drifters+Aldermaston+boat+hire,,Aldermaston,,,,,,needs_osm_match,"Published source-provider base; verify the operating rental company, exact pickup point, and OSM match."
company_base,drifters,Drifters,https://www.drifters.co.uk/,,,base:alvechurch-marina,Alvechurch,Worcestershire,,,,,,,https://www.drifters.co.uk/bases/alvechurch-marina/,official_base_page,https://www.google.com/search?q=Drifters+Alvechurch+boat+hire,,Alvechurch,,,,,,needs_osm_match,"Published source-provider base; verify the operating rental company, exact pickup point, and OSM match."
company_base,drifters,Drifters,https://www.drifters.co.uk/,,,base:anderton-marina,Anderton,,Trent & Mersey Canal,,,,,,https://www.drifters.co.uk/bases/anderton-marina/,official_base_page,https://www.google.com/search?q=Drifters+Anderton+boat+hire,,Anderton,,,,,,needs_osm_match,"Published source-provider base; verify the operating rental company, exact pickup point, and OSM match."
company_base,drifters,Drifters,https://www.drifters.co.uk/,,,base:barnoldswick-boatyard,Barnoldswick,Lancashire,,,,,,,https://www.drifters.co.uk/bases/barnoldswick-boatyard/,official_base_page,https://www.google.com/search?q=Drifters+Barnoldswick+boat+hire,,Barnoldswick,,,,,,needs_osm_match,"Published source-provider base; verify the operating rental company, exact pickup point, and OSM match."
company_base,drifters,Drifters,https://www.drifters.co.uk/,,,base:blackwater-meadow,Blackwater Meadow,,Llangollen Canal,,,,,,https://www.drifters.co.uk/bases/blackwater-meadow/,official_base_page,https://www.google.com/search?q=Drifters+Blackwater+Meadow+boat+hire,,Blackwater Meadow,,,,,,needs_osm_match,"Published source-provider base; verify the operating rental company, exact pickup point, and OSM match."
company_base,drifters,Drifters,https://www.drifters.co.uk/,,,base:bradford-on-avon,Bradford on Avon,Wiltshire,Kennet & Avon Canal,,,,,,https://www.drifters.co.uk/bases/bradford-on-avon/,official_base_page,https://www.google.com/search?q=Drifters+Bradford+on+Avon+boat+hire,,Bradford on Avon,,,,,,needs_osm_match,"Published source-provider base; verify the operating rental company, exact pickup point, and OSM match."
company_base,drifters,Drifters,https://www.drifters.co.uk/,,,base:braunston-canal-holidays,Braunston,,Grand Union Canal,,,,,,https://www.drifters.co.uk/bases/braunston-canal-holidays/,official_base_page,https://www.google.com/search?q=Drifters+Braunston+boat+hire,,Braunston,,,,,,needs_osm_match,"Published source-provider base; verify the operating rental company, exact pickup point, and OSM match."
company_base,drifters,Drifters,https://www.drifters.co.uk/,,,base:brewood-canal-holidays,Brewood,,Shropshire Union Canal,,,,,,https://www.drifters.co.uk/bases/brewood-canal-holidays/,official_base_page,https://www.google.com/search?q=Drifters+Brewood+boat+hire,,Brewood,,,,,,needs_osm_match,"Published source-provider base; verify the operating rental company, exact pickup point, and OSM match."
company_base,drifters,Drifters,https://www.drifters.co.uk/,,,base:bunbury-boatyard,Bunbury,,Shropshire Union Canal,,,,,,https://www.drifters.co.uk/bases/bunbury-boatyard/,official_base_page,https://www.google.com/search?q=Drifters+Bunbury+boat+hire,,Bunbury,,,,,,needs_osm_match,"Published source-provider base; verify the operating rental company, exact pickup point, and OSM match."
company_base,drifters,Drifters,https://www.drifters.co.uk/,,,base:canal-boat-holiday-destinations-from-autherley,Autherley,the West Midlands,,,,,,,https://www.drifters.co.uk/bases/canal-boat-holiday-destinations-from-autherley/,official_base_page,https://www.google.com/search?q=Drifters+Autherley+boat+hire,,Autherley,,,,,,needs_osm_match,"Published source-provider base; verify the operating rental company, exact pickup point, and OSM match."
company_base,drifters,Drifters,https://www.drifters.co.uk/,,,base:canal-boat-holiday-destinations-from-devizes,Devizes,Wiltshire,Kennet & Avon Canal,,,,,,https://www.drifters.co.uk/bases/canal-boat-holiday-destinations-from-devizes/,official_base_page,https://www.google.com/search?q=Drifters+Devizes+boat+hire,,Devizes,,,,,,needs_osm_match,"Published source-provider base; verify the operating rental company, exact pickup point, and OSM match."
company_base,drifters,Drifters,https://www.drifters.co.uk/,,,base:canal-boat-holiday-destinations-from-trevor-basin,Trevor,,Llangollen Canal,,,,,,https://www.drifters.co.uk/bases/canal-boat-holiday-destinations-from-trevor-basin/,official_base_page,https://www.google.com/search?q=Drifters+Trevor+boat+hire,,Trevor,,,,,,needs_osm_match,"Published source-provider base; verify the operating rental company, exact pickup point, and OSM match."
company_base,drifters,Drifters,https://www.drifters.co.uk/,,,base:canal-boat-holiday-destinations-from-weedon,Weedon,,Grand Union Canal,,,,,,https://www.drifters.co.uk/bases/canal-boat-holiday-destinations-from-weedon/,official_base_page,https://www.google.com/search?q=Drifters+Weedon+boat+hire,,Weedon,,,,,,needs_osm_match,"Published source-provider base; verify the operating rental company, exact pickup point, and OSM match."
company_base,drifters,Drifters,https://www.drifters.co.uk/,,,base:chirk-marina,Chirk,,Llangollen Canal,,,,,,https://www.drifters.co.uk/bases/chirk-marina/,official_base_page,https://www.google.com/search?q=Drifters+Chirk+boat+hire,,Chirk,,,,,,needs_osm_match,"Published source-provider base; verify the operating rental company, exact pickup point, and OSM match."
company_base,drifters,Drifters,https://www.drifters.co.uk/,,,base:ely-marina,Ely,Cambridgeshire,,,,,,,https://www.drifters.co.uk/bases/ely-marina/,official_base_page,https://www.google.com/search?q=Drifters+Ely+boat+hire,,Ely,,,,,,needs_osm_match,"Published source-provider base; verify the operating rental company, exact pickup point, and OSM match."
company_base,drifters,Drifters,https://www.drifters.co.uk/,,,base:falkirk-wheel,Falkirk,,Scottish Lowland Canals,,,,,,https://www.drifters.co.uk/bases/falkirk-wheel/,official_base_page,https://www.google.com/search?q=Drifters+Falkirk+boat+hire,,Falkirk,,,,,,needs_osm_match,"Published source-provider base; verify the operating rental company, exact pickup point, and OSM match."
company_base,drifters,Drifters,https://www.drifters.co.uk/,,,base:gailey-marina,Gailey,,,,,,,,https://www.drifters.co.uk/bases/gailey-marina/,official_base_page,https://www.google.com/search?q=Drifters+Gailey+boat+hire,,Gailey,,,,,,needs_osm_match,"Published source-provider base; verify the operating rental company, exact pickup point, and OSM match."
company_base,drifters,Drifters,https://www.drifters.co.uk/,,,base:gayton-marina,Gayton,Northampton,,,,,,,https://www.drifters.co.uk/bases/gayton-marina/,official_base_page,https://www.google.com/search?q=Drifters+Gayton+boat+hire,,Gayton,,,,,,needs_osm_match,"Published source-provider base; verify the operating rental company, exact pickup point, and OSM match."
company_base,drifters,Drifters,https://www.drifters.co.uk/,,,base:goytre-wharf,Goytre,South Wales,,,,,,,https://www.drifters.co.uk/bases/goytre-wharf/,official_base_page,https://www.google.com/search?q=Drifters+Goytre+boat+hire,,Goytre,,,,,,needs_osm_match,"Published source-provider base; verify the operating rental company, exact pickup point, and OSM match."
company_base,drifters,Drifters,https://www.drifters.co.uk/,,,base:great-haywood-marina,Great Haywood,,Trent & Mersey Canal,,,,,,https://www.drifters.co.uk/bases/great-haywood-marina/,official_base_page,https://www.google.com/search?q=Drifters+Great+Haywood+boat+hire,,Great Haywood,,,,,,needs_osm_match,"Published source-provider base; verify the operating rental company, exact pickup point, and OSM match."
company_base,drifters,Drifters,https://www.drifters.co.uk/,,,base:hilperton-marina,Hilperton,Wiltshire,Kennet & Avon Canal,,,,,,https://www.drifters.co.uk/bases/hilperton-marina/,official_base_page,https://www.google.com/search?q=Drifters+Hilperton+boat+hire,,Hilperton,,,,,,needs_osm_match,"Published source-provider base; verify the operating rental company, exact pickup point, and OSM match."
company_base,drifters,Drifters,https://www.drifters.co.uk/,,,base:kings-orchard-marina,Kings Orchard Marina,Staffordshire,,,,,,,https://www.drifters.co.uk/bases/kings-orchard-marina/,official_base_page,https://www.google.com/search?q=Drifters+Kings+Orchard+Marina+boat+hire,,Kings Orchard Marina,,,,,,needs_osm_match,"Published source-provider base; verify the operating rental company, exact pickup point, and OSM match."
company_base,drifters,Drifters,https://www.drifters.co.uk/,,,base:lower-heyford,Lower Heyford,,Oxford Canal,,,,,,https://www.drifters.co.uk/bases/lower-heyford/,official_base_page,https://www.google.com/search?q=Drifters+Lower+Heyford+boat+hire,,Lower Heyford,,,,,,needs_osm_match,"Published source-provider base; verify the operating rental company, exact pickup point, and OSM match."
company_base,drifters,Drifters,https://www.drifters.co.uk/,,,base:march-marina,March,Cambridgeshire,,,,,,,https://www.drifters.co.uk/bases/march-marina/,official_base_page,https://www.google.com/search?q=Drifters+March+boat+hire,,March,,,,,,needs_osm_match,"Published source-provider base; verify the operating rental company, exact pickup point, and OSM match."
company_base,drifters,Drifters,https://www.drifters.co.uk/,,,base:monkton-combe-boatyard,Monkton Combe,Somerset,Kennet & Avon Canal,,,,,,https://www.drifters.co.uk/bases/monkton-combe-boatyard/,official_base_page,https://www.google.com/search?q=Drifters+Monkton+Combe+boat+hire,,Monkton Combe,,,,,,needs_osm_match,"Published source-provider base; verify the operating rental company, exact pickup point, and OSM match."
company_base,drifters,Drifters,https://www.drifters.co.uk/,,,base:nantwich,Nantwich,,Shropshire Union Canal,,,,,,https://www.drifters.co.uk/bases/nantwich/,official_base_page,https://www.google.com/search?q=Drifters+Nantwich+boat+hire,,Nantwich,,,,,,needs_osm_match,"Published source-provider base; verify the operating rental company, exact pickup point, and OSM match."
company_base,drifters,Drifters,https://www.drifters.co.uk/,,,base:napton-marina,Napton,,,,,,,,https://www.drifters.co.uk/bases/napton-marina/,official_base_page,https://www.google.com/search?q=Drifters+Napton+boat+hire,,Napton,,,,,,needs_osm_match,"Published source-provider base; verify the operating rental company, exact pickup point, and OSM match."
company_base,drifters,Drifters,https://www.drifters.co.uk/,,,base:silsden-hire-base-for-drifters-canal-boat-holidays,Silsden,"Keighley, West Yorkshire",,,,,,,https://www.drifters.co.uk/bases/silsden-hire-base-for-drifters-canal-boat-holidays/,official_base_page,https://www.google.com/search?q=Drifters+Silsden+boat+hire,,Silsden,,,,,,needs_osm_match,"Published source-provider base; verify the operating rental company, exact pickup point, and OSM match."
company_base,drifters,Drifters,https://www.drifters.co.uk/,,,base:sowerby-bridge,Sowerby Bridge,West Yorkshire,,,,,,,https://www.drifters.co.uk/bases/sowerby-bridge/,official_base_page,https://www.google.com/search?q=Drifters+Sowerby+Bridge+boat+hire,,Sowerby Bridge,,,,,,needs_osm_match,"Published source-provider base; verify the operating rental company, exact pickup point, and OSM match."
company_base,drifters,Drifters,https://www.drifters.co.uk/,,,base:springwood,Springwood Haven,,,,,,,,https://www.drifters.co.uk/bases/springwood/,official_base_page,https://www.google.com/search?q=Drifters+Springwood+Haven+boat+hire,,Springwood Haven,,,,,,needs_osm_match,"Published source-provider base; verify the operating rental company, exact pickup point, and OSM match."
company_base,drifters,Drifters,https://www.drifters.co.uk/,,,base:stockton-marina,Stockton,,,,,,,,https://www.drifters.co.uk/bases/stockton-marina/,official_base_page,https://www.google.com/search?q=Drifters+Stockton+boat+hire,,Stockton,,,,,,needs_osm_match,"Published source-provider base; verify the operating rental company, exact pickup point, and OSM match."
company_base,drifters,Drifters,https://www.drifters.co.uk/,,,base:stoke-on-trent,Stoke on Trent,,Trent & Mersey Canal,,,,,,https://www.drifters.co.uk/bases/stoke-on-trent/,official_base_page,https://www.google.com/search?q=Drifters+Stoke+on+Trent+boat+hire,,Stoke on Trent,,,,,,needs_osm_match,"Published source-provider base; verify the operating rental company, exact pickup point, and OSM match."
company_base,drifters,Drifters,https://www.drifters.co.uk/,,,base:stoke-prior,Stoke Prior,Worcestershire,,,,,,,https://www.drifters.co.uk/bases/stoke-prior/,official_base_page,https://www.google.com/search?q=Drifters+Stoke+Prior+boat+hire,,Stoke Prior,,,,,,needs_osm_match,"Published source-provider base; verify the operating rental company, exact pickup point, and OSM match."
company_base,drifters,Drifters,https://www.drifters.co.uk/,,,base:sydney-wharf-bath,Bath,,Kennet & Avon Canal,,,,,,https://www.drifters.co.uk/bases/sydney-wharf-bath/,official_base_page,https://www.google.com/search?q=Drifters+Bath+boat+hire,,Bath,,,,,,needs_osm_match,"Published source-provider base; verify the operating rental company, exact pickup point, and OSM match."
company_base,drifters,Drifters,https://www.drifters.co.uk/,,,base:whitchurch-marina,Whitchurch,,Llangollen Canal,,,,,,https://www.drifters.co.uk/bases/whitchurch-marina/,official_base_page,https://www.google.com/search?q=Drifters+Whitchurch+boat+hire,,Whitchurch,,,,,,needs_osm_match,"Published source-provider base; verify the operating rental company, exact pickup point, and OSM match."
company_base,drifters,Drifters,https://www.drifters.co.uk/,,,base:whixall-marina,Whixall,,Prees Branch of the Llangollen Canal,,,,,,https://www.drifters.co.uk/bases/whixall-marina/,official_base_page,https://www.google.com/search?q=Drifters+Whixall+boat+hire,,Whixall,,,,,,needs_osm_match,"Published source-provider base; verify the operating rental company, exact pickup point, and OSM match."
company_base,drifters,Drifters,https://www.drifters.co.uk/,,,base:wootton-wawen,Wootton Wawen,,,,,,,,https://www.drifters.co.uk/bases/wootton-wawen/,official_base_page,https://www.google.com/search?q=Drifters+Wootton+Wawen+boat+hire,,Wootton Wawen,,,,,,needs_osm_match,"Published source-provider base; verify the operating rental company, exact pickup point, and OSM match."
company_base,drifters,Drifters,https://www.drifters.co.uk/,,,base:worcester-marina,Worcester,,,,,,,,https://www.drifters.co.uk/bases/worcester-marina/,official_base_page,https://www.google.com/search?q=Drifters+Worcester+boat+hire,,Worcester,,,,,,needs_osm_match,"Published source-provider base; verify the operating rental company, exact pickup point, and OSM match."
company_base,drifters,Drifters,https://www.drifters.co.uk/,,,base:wrenbury-mill,Wrenbury,,Llangollen Canal,,,,,,https://www.drifters.co.uk/bases/wrenbury-mill/,official_base_page,https://www.google.com/search?q=Drifters+Wrenbury+boat+hire,,Wrenbury,,,,,,needs_osm_match,"Published source-provider base; verify the operating rental company, exact pickup point, and OSM match."
company_base,narrow-boat-hire,Narrow Boat Hire,https://www.narrow-boat-hire.co.uk/,,,base:aldermaston-wharf,Aldermaston Wharf,Berkshire,Kennet and Avon,,,,,,https://www.narrow-boat-hire.co.uk/locations.html,official_base_page,https://www.google.com/search?q=Narrow+Boat+Hire+Aldermaston+Wharf+boat+hire,,Aldermaston Wharf,,,,,,needs_osm_match,"Published source-provider base; verify the operating rental company, exact pickup point, and OSM match."
company_base,narrow-boat-hire,Narrow Boat Hire,https://www.narrow-boat-hire.co.uk/,,,base:alvechurch-marina,Alvechurch Marina,Worcestershire,Worcester and Birmingham,,,,,,https://www.narrow-boat-hire.co.uk/locations.html,official_base_page,https://www.google.com/search?q=Narrow+Boat+Hire+Alvechurch+Marina+boat+hire,,Alvechurch Marina,,,,,,needs_osm_match,"Published source-provider base; verify the operating rental company, exact pickup point, and OSM match."
company_base,narrow-boat-hire,Narrow Boat Hire,https://www.narrow-boat-hire.co.uk/,,,base:anderton-marina,Anderton Marina,Cheshire,Trent and Mersey,,,,,,https://www.narrow-boat-hire.co.uk/locations.html,official_base_page,https://www.google.com/search?q=Narrow+Boat+Hire+Anderton+Marina+boat+hire,,Anderton Marina,,,,,,needs_osm_match,"Published source-provider base; verify the operating rental company, exact pickup point, and OSM match."
company_base,narrow-boat-hire,Narrow Boat Hire,https://www.narrow-boat-hire.co.uk/,,,base:blackwater-meadow-marina,Blackwater Meadow Marina,Shropshire,Llangollen,,,,,,https://www.narrow-boat-hire.co.uk/locations.html,official_base_page,https://www.google.com/search?q=Narrow+Boat+Hire+Blackwater+Meadow+Marina+boat+hire,,Blackwater Meadow Marina,,,,,,needs_osm_match,"Published source-provider base; verify the operating rental company, exact pickup point, and OSM match."
company_base,narrow-boat-hire,Narrow Boat Hire,https://www.narrow-boat-hire.co.uk/,,,base:falkirk-wharf,Falkirk Wharf,Stirlingshire,Forth and Clyde,,,,,,https://www.narrow-boat-hire.co.uk/locations.html,official_base_page,https://www.google.com/search?q=Narrow+Boat+Hire+Falkirk+Wharf+boat+hire,,Falkirk Wharf,,,,,,needs_osm_match,"Published source-provider base; verify the operating rental company, exact pickup point, and OSM match."
company_base,narrow-boat-hire,Narrow Boat Hire,https://www.narrow-boat-hire.co.uk/,,,base:fox-s-marina,Fox's Marina,Cambridgeshire,River Ouse,,,,,,https://www.narrow-boat-hire.co.uk/locations.html,official_base_page,https://www.google.com/search?q=Narrow+Boat+Hire+Fox%27s+Marina+boat+hire,,Fox's Marina,,,,,,needs_osm_match,"Published source-provider base; verify the operating rental company, exact pickup point, and OSM match."
company_base,narrow-boat-hire,Narrow Boat Hire,https://www.narrow-boat-hire.co.uk/,,,base:gailey-wharf,Gailey Wharf,Staffordshire,Shropshire Union,,,,,,https://www.narrow-boat-hire.co.uk/locations.html,official_base_page,https://www.google.com/search?q=Narrow+Boat+Hire+Gailey+Wharf+boat+hire,,Gailey Wharf,,,,,,needs_osm_match,"Published source-provider base; verify the operating rental company, exact pickup point, and OSM match."
company_base,narrow-boat-hire,Narrow Boat Hire,https://www.narrow-boat-hire.co.uk/,,,base:gayton-marina,Gayton Marina,Northamptonshire,Grand Union,,,,,,https://www.narrow-boat-hire.co.uk/locations.html,official_base_page,https://www.google.com/search?q=Narrow+Boat+Hire+Gayton+Marina+boat+hire,,Gayton Marina,,,,,,needs_osm_match,"Published source-provider base; verify the operating rental company, exact pickup point, and OSM match."
company_base,narrow-boat-hire,Narrow Boat Hire,https://www.narrow-boat-hire.co.uk/,,,base:goytre-wharf,Goytre Wharf,Monmouthshire,Monmouthshire and Brecon,,,,,,https://www.narrow-boat-hire.co.uk/locations.html,official_base_page,https://www.google.com/search?q=Narrow+Boat+Hire+Goytre+Wharf+boat+hire,,Goytre Wharf,,,,,,needs_osm_match,"Published source-provider base; verify the operating rental company, exact pickup point, and OSM match."
company_base,narrow-boat-hire,Narrow Boat Hire,https://www.narrow-boat-hire.co.uk/,,,base:hilperton-marina,Hilperton Marina,Wiltshire,Kennet and Avon,,,,,,https://www.narrow-boat-hire.co.uk/locations.html,official_base_page,https://www.google.com/search?q=Narrow+Boat+Hire+Hilperton+Marina+boat+hire,,Hilperton Marina,,,,,,needs_osm_match,"Published source-provider base; verify the operating rental company, exact pickup point, and OSM match."
company_base,narrow-boat-hire,Narrow Boat Hire,https://www.narrow-boat-hire.co.uk/,,,base:kings-orchard-marina,Kings Orchard Marina,Staffordshire,Coventry,,,,,,https://www.narrow-boat-hire.co.uk/locations.html,official_base_page,https://www.google.com/search?q=Narrow+Boat+Hire+Kings+Orchard+Marina+boat+hire,,Kings Orchard Marina,,,,,,needs_osm_match,"Published source-provider base; verify the operating rental company, exact pickup point, and OSM match."
company_base,narrow-boat-hire,Narrow Boat Hire,https://www.narrow-boat-hire.co.uk/,,,base:springwood-haven,Springwood Haven,Warwickshire,,,,,,,https://www.narrow-boat-hire.co.uk/locations.html,official_base_page,https://www.google.com/search?q=Narrow+Boat+Hire+Springwood+Haven+boat+hire,,Springwood Haven,,,,,,needs_osm_match,"Published source-provider base; verify the operating rental company, exact pickup point, and OSM match."
company_base,narrow-boat-hire,Narrow Boat Hire,https://www.narrow-boat-hire.co.uk/,,,base:whitchurch-marina,Whitchurch Marina,Shropshire,Llangollen,,,,,,https://www.narrow-boat-hire.co.uk/locations.html,official_base_page,https://www.google.com/search?q=Narrow+Boat+Hire+Whitchurch+Marina+boat+hire,,Whitchurch Marina,,,,,,needs_osm_match,"Published source-provider base; verify the operating rental company, exact pickup point, and OSM match."
company_base,narrow-boat-hire,Narrow Boat Hire,https://www.narrow-boat-hire.co.uk/,,,base:worcester-marina,Worcester Marina,Worcestershire,Worcester and Birmingham,,,,,,https://www.narrow-boat-hire.co.uk/locations.html,official_base_page,https://www.google.com/search?q=Narrow+Boat+Hire+Worcester+Marina+boat+hire,,Worcester Marina,,,,,,needs_osm_match,"Published source-provider base; verify the operating rental company, exact pickup point, and OSM match."
company_base,narrow-boat-hire,Narrow Boat Hire,https://www.narrow-boat-hire.co.uk/,,,base:wrenbury-marina,Wrenbury Marina,Cheshire,Llangollen,,,,,,https://www.narrow-boat-hire.co.uk/locations.html,official_base_page,https://www.google.com/search?q=Narrow+Boat+Hire+Wrenbury+Marina+boat+hire,,Wrenbury Marina,,,,,,needs_osm_match,"Published source-provider base; verify the operating rental company, exact pickup point, and OSM match."
review_positive,boat-hire-review,Boat-hire review,,,,node/6772539319/marina,Richardsons Boating Holidays,,,node/6772539319/marina,1,https://www.openstreetmap.org/node/6772539319,52.7663097,1.5188156,https://www.openstreetmap.org/node/6772539319,review_json,https://www.google.com/search?q=Richardsons+Boating+Holidays,,,,,,,,identified_positive,Human-reviewed vacation_hire; identify the operating company and set operator_id when ownership is confirmed.
review_positive,boat-hire-review,Boat-hire review,,,,node/949650134/marina,Alvechurch Marina,"Alvechurch, B48 7SQ",,node/949650134/marina,273,https://www.openstreetmap.org/node/949650134,52.3472996,-1.969389,https://www.openstreetmap.org/node/949650134,review_json,https://www.google.com/search?q=Alvechurch+Marina,https://alvechurchmarina.com/,,,,,,,identified_positive,Human-reviewed vacation_hire; identify the operating company and set operator_id when ownership is confirmed.
review_positive,boat-hire-review,Boat-hire review,,,,node/961885968/landmark,Wherry Hathor,,,node/961885968/landmark,9,https://www.openstreetmap.org/node/961885968,52.7176847,1.5076401,https://www.openstreetmap.org/node/961885968,review_json,https://www.google.com/search?q=Wherry+Hathor,https://www.wherryyachtcharter.org,,,,,,,identified_positive,Human-reviewed vacation_hire; identify the operating company and set operator_id when ownership is confirmed.
review_positive,boat-hire-review,Boat-hire review,,,,way/1302283620/marina,College Cruisers,,,way/1302283620/marina,8,https://www.openstreetmap.org/way/1302283620,51.75817465,-1.270494512230003,https://www.openstreetmap.org/way/1302283620,review_json,https://www.google.com/search?q=College+Cruisers,https://www.collegecruisers.com/,,,,,,,identified_positive,Human-reviewed vacation_hire; identify the operating company and set operator_id when ownership is confirmed.
review_positive,boat-hire-review,Boat-hire review,,,,way/216653584/marina,Canal Cruising Company,ST15 8QN,,way/216653584/marina,2,https://www.openstreetmap.org/way/216653584,52.90177865,-2.1490790490363394,https://www.openstreetmap.org/way/216653584,review_json,https://www.google.com/search?q=Canal+Cruising+Company,https://www.canalcruising.co.uk/,,,,,,,identified_positive,Human-reviewed vacation_hire; identify the operating company and set operator_id when ownership is confirmed.
review_positive,boat-hire-review,Boat-hire review,,,,way/297347764/marina,Worcester Marina,,,way/297347764/marina,510,https://www.openstreetmap.org/way/297347764,52.196486500000006,-2.2164465479036215,https://www.openstreetmap.org/way/297347764,review_json,https://www.google.com/search?q=Worcester+Marina,https://www.worcestermarina.com/,,,,,,,identified_positive,Human-reviewed vacation_hire; identify the operating company and set operator_id when ownership is confirmed.
review_positive,boat-hire-review,Boat-hire review,,,,way/428517651/marina,Hilperton Marina,,,way/428517651/marina,536,https://www.openstreetmap.org/way/428517651,51.33815235,-2.203667717410713,https://www.openstreetmap.org/way/428517651,review_json,https://www.google.com/search?q=Hilperton+Marina,https://www.hilpertonmarina.com/,,,,,,,identified_positive,Human-reviewed vacation_hire; identify the operating company and set operator_id when ownership is confirmed.
review_positive,boat-hire-review,Boat-hire review,,,,way/513617357/marina,Whitchurch Marina,"Whitchurch, SY13 3AA",,way/513617357/marina,555,https://www.openstreetmap.org/way/513617357,52.96794695,-2.7092016228561473,https://www.openstreetmap.org/way/513617357,review_json,https://www.google.com/search?q=Whitchurch+Marina,https://www.abcboathire.com/our-locations/whitchurch-marina,,,,,,,identified_positive,Human-reviewed vacation_hire; identify the operating company and set operator_id when ownership is confirmed.
review_positive,boat-hire-review,Boat-hire review,,,,way/537924789/marina,Heritage Marina,,,way/537924789/marina,58,https://www.openstreetmap.org/way/537924789,53.11616925,-2.2395183512140937,https://www.openstreetmap.org/way/537924789,review_json,https://www.google.com/search?q=Heritage+Marina,https://heritagenarrowboats.co.uk/,,,,,,,identified_positive,Human-reviewed vacation_hire; identify the operating company and set operator_id when ownership is confirmed.
review_positive,boat-hire-review,Boat-hire review,,,,way/849750407/marina,Kris Cruisers,,,way/849750407/marina,7,https://www.openstreetmap.org/way/849750407,51.4818899,-0.5818921627933489,https://www.openstreetmap.org/way/849750407,review_json,https://www.google.com/search?q=Kris+Cruisers,,,,,,,,identified_positive,Human-reviewed vacation_hire; identify the operating company and set operator_id when ownership is confirmed.
review_positive,boat-hire-review,Boat-hire review,,,,way/944433682/marina,Bridge Boatyard,"Ely, CB7 4DY",,way/944433682/marina,14,https://www.openstreetmap.org/way/944433682,52.3914126,0.26823237255035304,https://www.openstreetmap.org/way/944433682,review_json,https://www.google.com/search?q=Bridge+Boatyard,https://www.bridgeboatyard.com/,,,,,,,identified_positive,Human-reviewed vacation_hire; identify the operating company and set operator_id when ownership is confirmed.
