record_type,source_provider_id,source_provider_name,source_provider_website,operator_id,operator_name,location_id,location_name,location_area,waterway,review_identity,review_rank,osm_url,latitude,longitude,source_url,source_kind,google_search_url,existing_website,official_location_name,booking_url,hire_type,evidence_url,phone,email,enrichment_status,notes,exclude
company_base,anglo-welsh,Anglo Welsh,https://www.anglowelsh.co.uk/,,,base:bath,Bath,,,,,https://www.openstreetmap.org/way/3025630,51.3838311,-2.3494198,https://www.anglowelsh.co.uk/locations/,official_base_page,https://www.google.com/search?q=Anglo+Welsh+Bath+boat+hire,,Bath,,,https://www.anglowelsh.co.uk/bath-canal-boat-hire/,,,needs_osm_match,"Published source-provider base; verify the operating rental company, exact pickup point, and OSM match.",
company_base,anglo-welsh,Anglo Welsh,https://www.anglowelsh.co.uk/,,,base:bradford-on-avon,Bradford on Avon,,,,,https://www.openstreetmap.org/way/1262337471,51.3354439,-2.2369192,https://www.anglowelsh.co.uk/locations/,official_base_page,https://www.google.com/search?q=Anglo+Welsh+Bradford+on+Avon+boat+hire,,Bradford on Avon,,,https://www.anglowelsh.co.uk/bradford-on-avon-canal-boat-marina/,,,needs_osm_match,"Published source-provider base; verify the operating rental company, exact pickup point, and OSM match.",
company_base,anglo-welsh,Anglo Welsh,https://www.anglowelsh.co.uk/,,,base:bunbury,Bunbury,,,,,https://www.openstreetmap.org/way/532134485,53.1269591,-2.6325626,https://www.anglowelsh.co.uk/locations/,official_base_page,https://www.google.com/search?q=Anglo+Welsh+Bunbury+boat+hire,,Bunbury,,,https://www.anglowelsh.co.uk/bunbury-canal-boat-hire/,,,needs_osm_match,"Published source-provider base; verify the operating rental company, exact pickup point, and OSM match.",
company_base,anglo-welsh,Anglo Welsh,https://www.anglowelsh.co.uk/,,,base:great-haywood,Great Haywood,,,,,https://www.openstreetmap.org/way/182336870,52.8045644,-2.0096677,https://www.anglowelsh.co.uk/locations/,official_base_page,https://www.google.com/search?q=Anglo+Welsh+Great+Haywood+boat+hire,,Great Haywood,,,https://www.anglowelsh.co.uk/great-haywood-canal-boat-marina/,,,needs_osm_match,"Published source-provider base; verify the operating rental company, exact pickup point, and OSM match.",
company_base,anglo-welsh,Anglo Welsh,https://www.anglowelsh.co.uk/,,,base:monkton-combe,Monkton Combe,,,,,https://www.openstreetmap.org/way/1255963071,51.3579619,-2.3147152,https://www.anglowelsh.co.uk/locations/,official_base_page,https://www.google.com/search?q=Anglo+Welsh+Monkton+Combe+boat+hire,,Monkton Combe,,,https://www.anglowelsh.co.uk/monkton-combe-canal-boat-hire/,,,needs_osm_match,"Published source-provider base; verify the operating rental company, exact pickup point, and OSM match.",
company_base,anglo-welsh,Anglo Welsh,https://www.anglowelsh.co.uk/,,,base:silsden,Silsden,,,,,https://www.openstreetmap.org/way/1041145788,53.9117540,-1.9382010,https://www.anglowelsh.co.uk/locations/,official_base_page,https://www.google.com/search?q=Anglo+Welsh+Silsden+boat+hire,,Silsden,,,https://www.anglowelsh.co.uk/silsden-canal-boat-hire/,,,needs_osm_match,"Published source-provider base; verify the operating rental company, exact pickup point, and OSM match.",
company_base,anglo-welsh,Anglo Welsh,https://www.anglowelsh.co.uk/,,,base:trevor,Trevor,,,,,,,,https://www.anglowelsh.co.uk/locations/,official_base_page,https://www.google.com/search?q=Anglo+Welsh+Trevor+boat+hire,,Trevor,,,,,,needs_osm_match,"Published source-provider base; verify the operating rental company, exact pickup point, and OSM match.",true
company_base,anglo-welsh,Anglo Welsh,https://www.anglowelsh.co.uk/,,,base:whixall,Whixall,,,,,https://www.openstreetmap.org/way/91016074,52.9018123,-2.7511428,https://www.anglowelsh.co.uk/locations/,official_base_page,https://www.google.com/search?q=Anglo+Welsh+Whixall+boat+hire,,Whixall,,,https://www.anglowelsh.co.uk/whixall-canal-boat-marina/,,,needs_osm_match,"Published source-provider base; verify the operating rental company, exact pickup point, and OSM match.",
company_base,anglo-welsh,Anglo Welsh,https://www.anglowelsh.co.uk/,,,base:wootton-wawen,Wootton Wawen,,,,,https://www.openstreetmap.org/way/210655349,52.2647346,-1.7687854,https://www.anglowelsh.co.uk/locations/,official_base_page,https://www.google.com/search?q=Anglo+Welsh+Wootton+Wawen+boat+hire,,Wootton Wawen,,,https://www.anglowelsh.co.uk/wootton-wawen-canal-boat-hire/,,,needs_osm_match,"Published source-provider base; verify the operating rental company, exact pickup point, and OSM match.",
company_base,black-prince,Black Prince Holidays,https://www.black-prince.com/,,,base:acton-bridge-cheshire,"Acton Bridge, Cheshire",,,,,https://www.openstreetmap.org/way/1165461475,53.2840010,-2.5985662,https://www.black-prince.com/locations/,official_base_page,https://www.google.com/search?q=Black+Prince+Holidays+Acton+Bridge%2C+Cheshire+boat+hire,,"Acton Bridge, Cheshire",,,https://www.black-prince.com/hire-bases/acton-bridge-hire-base/,,,needs_osm_match,"Published source-provider base; verify the operating rental company, exact pickup point, and OSM match.",
company_base,black-prince,Black Prince Holidays,https://www.black-prince.com/,,,base:bradford-on-avon-wiltshire,"Bradford on Avon, Wiltshire",,,human-authority/black-prince/base:bradford-on-avon-wiltshire,,,51.3411477,-2.2524255,https://www.black-prince.com/locations/,official_base_page,https://www.google.com/search?q=Black+Prince+Holidays+Bradford+on+Avon%2C+Wiltshire+boat+hire,,"Bradford on Avon, Wiltshire",,,"https://www.google.com/maps/place/39+Frome+Rd,+Bradford-on-Avon+BA15+2EA,+UK/@51.3411477,-2.2524255,17z/data=!3m1!4b1!4m6!3m5!1s0x48717fc8cd4b3177:0xf87806ccb2336a32!8m2!3d51.3411477!4d-2.2524255!16s%2Fg%2F11c4v80lq_?hl=en&entry=ttu&g_ep=EgoyMDI2MDgxOS4wIKXMDSoASAFQAw%3D%3D",,,human_location_verified,"Published source-provider base; verify the operating rental company, exact pickup point, and OSM match. Human-authoritative Black Prince location; used the Google Place !3d/!4d coordinate 51.3411477,-2.2524255, not the map viewport.",
company_base,black-prince,Black Prince Holidays,https://www.black-prince.com/,,,base:chirk-north-wales,"Chirk, North Wales",,,,,,,,https://www.black-prince.com/locations/,official_base_page,https://www.google.com/search?q=Black+Prince+Holidays+Chirk%2C+North+Wales+boat+hire,,"Chirk, North Wales",,,,,,needs_osm_match,"Published source-provider base; verify the operating rental company, exact pickup point, and OSM match.",true
company_base,black-prince,Black Prince Holidays,https://www.black-prince.com/,,,base:ely-cambridgeshire,"Ely, Cambridgeshire",,,,,https://www.openstreetmap.org/way/944433682,52.3914126,0.26823237255035304,https://www.black-prince.com/locations/,official_base_page,https://www.google.com/search?q=Black+Prince+Holidays+Ely%2C+Cambridgeshire+boat+hire,,"Ely, Cambridgeshire",,,https://www.black-prince.com/hire-bases/ely-hire-base/,,,needs_osm_match,"Published source-provider base; verify the operating rental company, exact pickup point, and OSM match.",
company_base,black-prince,Black Prince Holidays,https://www.black-prince.com/,,,base:falkirk-scotland,"Falkirk, Scotland",,,,,,,,https://www.black-prince.com/locations/,official_base_page,https://www.google.com/search?q=Black+Prince+Holidays+Falkirk%2C+Scotland+boat+hire,,"Falkirk, Scotland",,,,,,needs_osm_match,"Published source-provider base; verify the operating rental company, exact pickup point, and OSM match.",true
company_base,black-prince,Black Prince Holidays,https://www.black-prince.com/,,,base:lower-heyford-oxfordshire,"Lower Heyford, Oxfordshire",,,human-authority/black-prince/base:lower-heyford-oxfordshire,,,51.9185427,-1.2983372,https://www.black-prince.com/locations/,official_base_page,https://www.google.com/search?q=Black+Prince+Holidays+Lower+Heyford%2C+Oxfordshire+boat+hire,,"Lower Heyford, Oxfordshire",,,"https://www.google.com/maps/place/Black+Prince+Holidays+Ltd/@51.9189109,-1.2987094,19.01z/data=!4m6!3m5!1s0x4876db52e12f6525:0xf01bad504ded01eb!8m2!3d51.9185427!4d-1.2983372!16s%2Fg%2F11h5vfh4ph?entry=ttu&g_ep=EgoyMDI2MDgxOS4wIKXMDSoASAFQAw%3D%3D",,,human_location_verified,"Published source-provider base; verify the Google Place !3d/!4d coordinate 51.9185427,-1.2983372, not the @51.9189109,-1.2987094 viewport.",
company_base,black-prince,Black Prince Holidays,https://www.black-prince.com/,,,base:napton-warwickshire,"Napton, Warwickshire",,,,,https://www.openstreetmap.org/way/169285562,52.2569503,-1.3147951,https://www.black-prince.com/locations/,official_base_page,https://www.google.com/search?q=Black+Prince+Holidays+Napton%2C+Warwickshire+boat+hire,,"Napton, Warwickshire",,,https://www.black-prince.com/hire-bases/napton-hire-base/,,,needs_osm_match,"Published source-provider base; verify the operating rental company, exact pickup point, and OSM match.",
company_base,black-prince,Black Prince Holidays,https://www.black-prince.com/,,,base:stoke-prior-worcester,"Stoke Prior, Worcester",,,human-authority/black-prince/base:stoke-prior-worcester,,,52.3016278,-2.0721945,https://www.black-prince.com/locations/,official_base_page,https://www.google.com/search?q=Black+Prince+Holidays+Stoke+Prior%2C+Worcester+boat+hire,,"Stoke Prior, Worcester",,,"https://www.google.com/maps/place/Black+Prince+Holidays+Ltd/@52.3016278,-2.0747694,17z/data=!3m1!4b1!4m6!3m5!1s0x4870ec808c057923:0x5da18079a5d5bd34!8m2!3d52.3016278!4d-2.0721945!16s%2Fg%2F1tfw2gtt?hl=en&entry=ttu&g_ep=EgoyMDI2MDgxOS4wIKXMDSoASAFQAw%3D%3D",,,human_location_verified,"Published source-provider base; verify the operating rental company, exact pickup point, and OSM match. Human-authoritative Black Prince location; used the Google Place !3d/!4d coordinate 52.3016278,-2.0721945, not the map viewport.",
company_base,black-prince,Black Prince Holidays,https://www.black-prince.com/,,,base:stoke-on-trent-staffordshire,"Stoke-on-Trent, Staffordshire",,,,,https://www.openstreetmap.org/way/201818248,53.0239045,-2.1959674,https://www.black-prince.com/locations/,official_base_page,https://www.google.com/search?q=Black+Prince+Holidays+Stoke-on-Trent%2C+Staffordshire+boat+hire,,"Stoke-on-Trent, Staffordshire",,,https://www.black-prince.com/hire-bases/stoke-on-trent-hire-base/,,,needs_osm_match,"Published source-provider base; verify the operating rental company, exact pickup point, and OSM match.",
company_base,canal-holidays,Canal Holidays,https://www.canalholidays.com/,,,base:10,Base 10,near the Falkirk Wheel,Union and Forth and Clyde Canals,,,,56.000301,-3.843051,https://www.canalholidays.com/bases/10.htm,official_base_page,https://www.google.com/search?q=Canal+Holidays+Base+10+boat+hire,,Base 10,,,,,,needs_osm_match,"Published source-provider base; verify the operating rental company, exact pickup point, and OSM match.",true
company_base,canal-holidays,Canal Holidays,https://www.canalholidays.com/,,,base:13,Base 13,near Skipton,Leeds and Liverpool Canal,canal-holidays-map/13,,,53.911738,-1.93821,https://www.canalholidays.com/bases/13.htm,official_base_page,https://www.google.com/search?q=Canal+Holidays+Base+13+boat+hire,,Base 13,,,https://www.canalholidays.com/canal-map/,,,provider_map_verified,"Published source-provider base; verify the operating rental company, exact pickup point, and OSM match. Canal Holidays official map BaseId 13 supplies this base coordinate; source URL is an exact BaseId match.",
company_base,canal-holidays,Canal Holidays,https://www.canalholidays.com/,,,base:15,Base 15,south of Manchester,Cheshire Ring,canal-holidays-map/15,,,53.283894101439,-2.59839947993203,https://www.canalholidays.com/bases/15.htm,official_base_page,https://www.google.com/search?q=Canal+Holidays+Base+15+boat+hire,,Base 15,,,https://www.canalholidays.com/canal-map/,,,provider_map_verified,"Published source-provider base; verify the operating rental company, exact pickup point, and OSM match. Canal Holidays official map BaseId 15 supplies this base coordinate; source URL is an exact BaseId match.",
company_base,canal-holidays,Canal Holidays,https://www.canalholidays.com/,,,base:16,Base 16,"south of Manchester, north-east of Chester",Cheshire Ring,canal-holidays-map/16,,,53.2773540527866,-2.52680338235449,https://www.canalholidays.com/bases/16.htm,official_base_page,https://www.google.com/search?q=Canal+Holidays+Base+16+boat+hire,,Base 16,,,https://www.canalholidays.com/canal-map/,,,provider_map_verified,"Published source-provider base; verify the operating rental company, exact pickup point, and OSM match. Canal Holidays official map BaseId 16 supplies this base coordinate; source URL is an exact BaseId match.",
company_base,canal-holidays,Canal Holidays,https://www.canalholidays.com/,,,base:18,Base 18,near Chester,Shropshire Union Canal,canal-holidays-map/18,,,53.126983,-2.632622,https://www.canalholidays.com/bases/18.htm,official_base_page,https://www.google.com/search?q=Canal+Holidays+Base+18+boat+hire,,Base 18,,,https://www.canalholidays.com/canal-map/,,,provider_map_verified,"Published source-provider base; verify the operating rental company, exact pickup point, and OSM match. Canal Holidays official map BaseId 18 supplies this base coordinate; source URL is an exact BaseId match.",
company_base,canal-holidays,Canal Holidays,https://www.canalholidays.com/,,,base:19,Base 19,south of Chester,Llangollen Canal,canal-holidays-map/19,,,53.0279769888161,-2.61230557122222,https://www.canalholidays.com/bases/19.htm,official_base_page,https://www.google.com/search?q=Canal+Holidays+Base+19+boat+hire,,Base 19,,,https://www.canalholidays.com/canal-map/,,,provider_map_verified,"Published source-provider base; verify the operating rental company, exact pickup point, and OSM match. Canal Holidays official map BaseId 19 supplies this base coordinate; source URL is an exact BaseId match.",
company_base,canal-holidays,Canal Holidays,https://www.canalholidays.com/,,,base:20,Base 20,near Pontcysyllte Aqueduct,Llangollen Canal,,,,52.972641,-3.087449,https://www.canalholidays.com/bases/20.htm,official_base_page,https://www.google.com/search?q=Canal+Holidays+Base+20+boat+hire,,Base 20,,,,,,needs_osm_match,"Published source-provider base; verify the operating rental company, exact pickup point, and OSM match.",true
company_base,canal-holidays,Canal Holidays,https://www.canalholidays.com/,,,base:22,Base 22,Shropshire market town,Llangollen Canal,canal-holidays-map/22,,,52.9812166525726,-2.71050330307584,https://www.canalholidays.com/bases/22.htm,official_base_page,https://www.google.com/search?q=Canal+Holidays+Base+22+boat+hire,,Base 22,,,https://www.canalholidays.com/canal-map/,,,provider_map_verified,"Published source-provider base; verify the operating rental company, exact pickup point, and OSM match. Canal Holidays official map BaseId 22 supplies this base coordinate; source URL is an exact BaseId match.",
company_base,canal-holidays,Canal Holidays,https://www.canalholidays.com/,,,base:23,Base 23,"near Chirk, Wales",Llangollen Canal,,,,52.9408908241765,-3.06816140271166,https://www.canalholidays.com/bases/23.htm,official_base_page,https://www.google.com/search?q=Canal+Holidays+Base+23+boat+hire,,Base 23,,,,,,needs_osm_match,"Published source-provider base; verify the operating rental company, exact pickup point, and OSM match.",true
company_base,canal-holidays,Canal Holidays,https://www.canalholidays.com/,,,base:24,Base 24,Whixall,Llangollen Canal,canal-holidays-map/24,,,52.902311,-2.751396,https://www.canalholidays.com/bases/24.htm,official_base_page,https://www.google.com/search?q=Canal+Holidays+Base+24+boat+hire,,Base 24,,,https://www.canalholidays.com/canal-map/,,,provider_map_verified,"Published source-provider base; verify the operating rental company, exact pickup point, and OSM match. Canal Holidays official map BaseId 24 supplies this base coordinate; source URL is an exact BaseId match.",
company_base,canal-holidays,Canal Holidays,https://www.canalholidays.com/,,,base:25,Base 25,near Stoke-on-Trent,Four Counties Ring,canal-holidays-map/25,,,53.0233940920513,-2.19629653990381,https://www.canalholidays.com/bases/25.htm,official_base_page,https://www.google.com/search?q=Canal+Holidays+Base+25+boat+hire,,Base 25,,,https://www.canalholidays.com/canal-map/,,,provider_map_verified,"Published source-provider base; verify the operating rental company, exact pickup point, and OSM match. Canal Holidays official map BaseId 25 supplies this base coordinate; source URL is an exact BaseId match.",
company_base,canal-holidays,Canal Holidays,https://www.canalholidays.com/,,,base:26,Base 26,near Stafford,Four Counties Ring,canal-holidays-map/26,,,52.8045732980864,-2.00952120605567,https://www.canalholidays.com/bases/26.htm,official_base_page,https://www.google.com/search?q=Canal+Holidays+Base+26+boat+hire,,Base 26,,,https://www.canalholidays.com/canal-map/,,,provider_map_verified,"Published source-provider base; verify the operating rental company, exact pickup point, and OSM match. Canal Holidays official map BaseId 26 supplies this base coordinate; source URL is an exact BaseId match.",
company_base,canal-holidays,Canal Holidays,https://www.canalholidays.com/,,,base:27,Base 27,near Ellesmere,Llangollen Canal,canal-holidays-map/27,,,52.902492,-2.889867,https://www.canalholidays.com/bases/27.htm,official_base_page,https://www.google.com/search?q=Canal+Holidays+Base+27+boat+hire,,Base 27,,,https://www.canalholidays.com/canal-map/,,,provider_map_verified,"Published source-provider base; verify the operating rental company, exact pickup point, and OSM match. Canal Holidays official map BaseId 27 supplies this base coordinate; source URL is an exact BaseId match.",
company_base,canal-holidays,Canal Holidays,https://www.canalholidays.com/,,,base:28,Base 28,near Stafford,Four Counties Ring,canal-holidays-map/28,,,52.6905798350243,-2.11956348296721,https://www.canalholidays.com/bases/28.htm,official_base_page,https://www.google.com/search?q=Canal+Holidays+Base+28+boat+hire,,Base 28,,,https://www.canalholidays.com/canal-map/,,,provider_map_verified,"Published source-provider base; verify the operating rental company, exact pickup point, and OSM match. Canal Holidays official map BaseId 28 supplies this base coordinate; source URL is an exact BaseId match.",
company_base,canal-holidays,Canal Holidays,https://www.canalholidays.com/,,,base:32,Base 32,official page names Base 32 only,Warwickshire Ring,canal-holidays-map/32,,,52.5402295158277,-1.49478293740688,https://www.canalholidays.com/bases/32.htm,official_base_page,https://www.google.com/search?q=Canal+Holidays+Base+32+boat+hire,,Base 32,,,https://www.canalholidays.com/canal-map/,,,provider_map_verified,"Published source-provider base; verify the operating rental company, exact pickup point, and OSM match. Canal Holidays official map BaseId 32 supplies this base coordinate; source URL is an exact BaseId match.",
company_base,canal-holidays,Canal Holidays,https://www.canalholidays.com/,,,base:34,Base 34,Ely,Cambridge Waterways,canal-holidays-map/34,,,52.394904,0.270985,https://www.canalholidays.com/bases/34.htm,official_base_page,https://www.google.com/search?q=Canal+Holidays+Base+34+boat+hire,,Base 34,,,https://www.canalholidays.com/canal-map/,,,provider_map_verified,"Published source-provider base; verify the operating rental company, exact pickup point, and OSM match. Canal Holidays official map BaseId 34 supplies this base coordinate; source URL is an exact BaseId match.",
company_base,canal-holidays,Canal Holidays,https://www.canalholidays.com/,,,base:35,Base 35,south of Birmingham,Avon and Stourport Rings,canal-holidays-map/35,,,52.3472869393652,-1.96986435296122,https://www.canalholidays.com/bases/35.htm,official_base_page,https://www.google.com/search?q=Canal+Holidays+Base+35+boat+hire,,Base 35,,,https://www.canalholidays.com/canal-map/,,,provider_map_verified,"Published source-provider base; verify the operating rental company, exact pickup point, and OSM match. Canal Holidays official map BaseId 35 supplies this base coordinate; source URL is an exact BaseId match.",
company_base,canal-holidays,Canal Holidays,https://www.canalholidays.com/,,,base:36,Base 36,Lower Heyford,Oxford Canal,canal-holidays-map/36,,,51.919096,-1.298742,https://www.canalholidays.com/bases/36.htm,official_base_page,https://www.google.com/search?q=Canal+Holidays+Base+36+boat+hire,,Base 36,,,https://www.canalholidays.com/canal-map/,,,provider_map_verified,"Published source-provider base; verify the operating rental company, exact pickup point, and OSM match. Canal Holidays official map BaseId 36 supplies this base coordinate; source URL is an exact BaseId match.",
company_base,canal-holidays,Canal Holidays,https://www.canalholidays.com/,,,base:38,Base 38,near Tardebigge,Stourport and Avon Rings,canal-holidays-map/38,,,52.3017296472382,-2.07213427298403,https://www.canalholidays.com/bases/38.htm,official_base_page,https://www.google.com/search?q=Canal+Holidays+Base+38+boat+hire,,Base 38,,,https://www.canalholidays.com/canal-map/,,,provider_map_verified,"Published source-provider base; verify the operating rental company, exact pickup point, and OSM match. Canal Holidays official map BaseId 38 supplies this base coordinate; source URL is an exact BaseId match.",
company_base,canal-holidays,Canal Holidays,https://www.canalholidays.com/,,,base:39,Base 39,near Stratford upon Avon,Warwickshire area,canal-holidays-map/39,,,52.264703,-1.768799,https://www.canalholidays.com/bases/39.htm,official_base_page,https://www.google.com/search?q=Canal+Holidays+Base+39+boat+hire,,Base 39,,,https://www.canalholidays.com/canal-map/,,,provider_map_verified,"Published source-provider base; verify the operating rental company, exact pickup point, and OSM match. Canal Holidays official map BaseId 39 supplies this base coordinate; source URL is an exact BaseId match.",
company_base,canal-holidays,Canal Holidays,https://www.canalholidays.com/,,,base:41,Base 41,south of Northampton,Grand Union Canal,canal-holidays-map/41,,,52.1926376573047,-0.945135262543829,https://www.canalholidays.com/bases/41.htm,official_base_page,https://www.google.com/search?q=Canal+Holidays+Base+41+boat+hire,,Base 41,,,https://www.canalholidays.com/canal-map/,,,provider_map_verified,"Published source-provider base; verify the operating rental company, exact pickup point, and OSM match. Canal Holidays official map BaseId 41 supplies this base coordinate; source URL is an exact BaseId match.",
company_base,canal-holidays,Canal Holidays,https://www.canalholidays.com/,,,base:42,Base 42,Worcester,Stourport area,canal-holidays-map/42,,,52.196112,-2.217436,https://www.canalholidays.com/bases/42.htm,official_base_page,https://www.google.com/search?q=Canal+Holidays+Base+42+boat+hire,,Base 42,,,https://www.canalholidays.com/canal-map/,,,provider_map_verified,"Published source-provider base; verify the operating rental company, exact pickup point, and OSM match. Canal Holidays official map BaseId 42 supplies this base coordinate; source URL is an exact BaseId match.",
company_base,canal-holidays,Canal Holidays,https://www.canalholidays.com/,,,base:46,Base 46,Bath,Kennet and Avon Canal,canal-holidays-map/46,,,51.3831538860652,-2.34921961644197,https://www.canalholidays.com/bases/46.htm,official_base_page,https://www.google.com/search?q=Canal+Holidays+Base+46+boat+hire,,Base 46,,,https://www.canalholidays.com/canal-map/,,,provider_map_verified,"Published source-provider base; verify the operating rental company, exact pickup point, and OSM match. Canal Holidays official map BaseId 46 supplies this base coordinate; source URL is an exact BaseId match.",
company_base,canal-holidays,Canal Holidays,https://www.canalholidays.com/,,,base:47,Base 47,near Trowbridge,Kennet and Avon Canal,canal-holidays-map/47,,,51.3385395396047,-2.20592659870856,https://www.canalholidays.com/bases/47.htm,official_base_page,https://www.google.com/search?q=Canal+Holidays+Base+47+boat+hire,,Base 47,,,https://www.canalholidays.com/canal-map/,,,provider_map_verified,"Published source-provider base; verify the operating rental company, exact pickup point, and OSM match. Canal Holidays official map BaseId 47 supplies this base coordinate; source URL is an exact BaseId match.",
company_base,canal-holidays,Canal Holidays,https://www.canalholidays.com/,,,base:48,Base 48,Bradford on Avon,Kennet and Avon Canal,canal-holidays-map/48,,,51.34061,-2.25174,https://www.canalholidays.com/bases/48.htm,official_base_page,https://www.google.com/search?q=Canal+Holidays+Base+48+boat+hire,,Base 48,,,https://www.canalholidays.com/canal-map/,,,provider_map_verified,"Published source-provider base; verify the operating rental company, exact pickup point, and OSM match. Canal Holidays official map BaseId 48 supplies this base coordinate; source URL is an exact BaseId match.",
company_base,canal-holidays,Canal Holidays,https://www.canalholidays.com/,,,base:49,Base 49,outside Bradford on Avon,Kennet and Avon Canal,canal-holidays-map/49,,,51.335383027699756,-2.237341225137306,https://www.canalholidays.com/bases/49.htm,official_base_page,https://www.google.com/search?q=Canal+Holidays+Base+49+boat+hire,,Base 49,,,https://www.canalholidays.com/canal-map/,,,provider_map_verified,"Published source-provider base; verify the operating rental company, exact pickup point, and OSM match. Canal Holidays official map BaseId 49 supplies this base coordinate; source URL is an exact BaseId match.",
company_base,canal-holidays,Canal Holidays,https://www.canalholidays.com/,,,base:50,Base 50,west of Reading,Kennet and Avon Canal,canal-holidays-map/50,,,51.4007248609214,-1.13406900470569,https://www.canalholidays.com/bases/50.htm,official_base_page,https://www.google.com/search?q=Canal+Holidays+Base+50+boat+hire,,Base 50,,,https://www.canalholidays.com/canal-map/,,,provider_map_verified,"Published source-provider base; verify the operating rental company, exact pickup point, and OSM match. Canal Holidays official map BaseId 50 supplies this base coordinate; source URL is an exact BaseId match.",
company_base,canal-holidays,Canal Holidays,https://www.canalholidays.com/,,,base:58,Base 58,Brecon Beacons National Park,Monmouthshire and Brecon Canal,,,,51.752885,-2.997168,https://www.canalholidays.com/bases/58.htm,official_base_page,https://www.google.com/search?q=Canal+Holidays+Base+58+boat+hire,,Base 58,,,,,,needs_osm_match,"Published source-provider base; verify the operating rental company, exact pickup point, and OSM match.",true
company_base,canal-holidays,Canal Holidays,https://www.canalholidays.com/,,,base:62,Base 62,near Rugby,Oxford Canal,canal-holidays-map/62,,,52.2559783723458,-1.31417997134753,https://www.canalholidays.com/bases/62.htm,official_base_page,https://www.google.com/search?q=Canal+Holidays+Base+62+boat+hire,,Base 62,,,https://www.canalholidays.com/canal-map/,,,provider_map_verified,"Published source-provider base; verify the operating rental company, exact pickup point, and OSM match. Canal Holidays official map BaseId 62 supplies this base coordinate; source URL is an exact BaseId match. User-approved one-base startup snap exception: the current England artifact measures 250.968 m; this identity is permitted up to 251 m.",
company_base,canal-holidays,Canal Holidays,https://www.canalholidays.com/,,,base:64,Base 64,Bath,Kennet and Avon Canal,canal-holidays-map/64,,,51.361511,-2.31188,https://www.canalholidays.com/bases/64.htm,official_base_page,https://www.google.com/search?q=Canal+Holidays+Base+64+boat+hire,,Base 64,,,https://www.canalholidays.com/canal-map/,,,provider_map_verified,"Published source-provider base; verify the operating rental company, exact pickup point, and OSM match. Canal Holidays official map BaseId 64 supplies this base coordinate; source URL is an exact BaseId match.",
company_base,canal-holidays,Canal Holidays,https://www.canalholidays.com/,,,base:65,Base 65,near Lichfield,Four Counties Ring,canal-holidays-map/65,,,52.6914322491603,-1.78043012074113,https://www.canalholidays.com/bases/65.htm,official_base_page,https://www.google.com/search?q=Canal+Holidays+Base+65+boat+hire,,Base 65,,,https://www.canalholidays.com/canal-map/,,,provider_map_verified,"Published source-provider base; verify the operating rental company, exact pickup point, and OSM match. Canal Holidays official map BaseId 65 supplies this base coordinate; source URL is an exact BaseId match.",
company_base,canal-holidays,Canal Holidays,https://www.canalholidays.com/,,,base:66,Base 66,Nantwich,Four Counties Ring,canal-holidays-map/66,,,53.0711109,-2.5413859,https://www.canalholidays.com/bases/66.htm,official_base_page,https://www.google.com/search?q=Canal+Holidays+Base+66+boat+hire,,Base 66,,,https://www.canalholidays.com/canal-map/,,,provider_map_verified,"Published source-provider base; verify the operating rental company, exact pickup point, and OSM match. Canal Holidays official map BaseId 66 supplies this base coordinate; source URL is an exact BaseId match.",
company_base,canal-holidays,Canal Holidays,https://www.canalholidays.com/,,,base:97,Base 97,near Cambridge and Ely; March area,Cambridge Waterways,canal-holidays-map/97,,,52.554061,0.065152,https://www.canalholidays.com/bases/97.htm,official_base_page,https://www.google.com/search?q=Canal+Holidays+Base+97+boat+hire,,Base 97,,,https://www.canalholidays.com/canal-map/,,,provider_map_verified,"Published source-provider base; verify the operating rental company, exact pickup point, and OSM match. Canal Holidays official map BaseId 97 supplies this base coordinate; source URL is an exact BaseId match.",
company_base,drifters,Drifters,https://www.drifters.co.uk/,,,base:acton-bridge,Acton Bridge,,Trent & Mersey Canal,ukwg-gbb/860,,,53.284143,-2.598801,https://www.drifters.co.uk/bases/acton-bridge/,official_base_page,https://www.google.com/search?q=Drifters+Acton+Bridge+boat+hire,,Acton Bridge,,,https://www.drifters.co.uk/uk-canal-map/,,,provider_map_verified,"Published source-provider base; verify the operating rental company, exact pickup point, and OSM match. Drifters UK Canal Map marker 860 (Acton Bridge); raw Local Routes URL: https://www.drifters.co.uk/bases/acton-bridge.",
company_base,drifters,Drifters,https://www.drifters.co.uk/,,,base:aldermaston,Aldermaston,Berkshire,Kennet & Avon Canal,ukwg-gbb/923,,,51.400554,-1.136945,https://www.drifters.co.uk/bases/aldermaston/,official_base_page,https://www.google.com/search?q=Drifters+Aldermaston+boat+hire,,Aldermaston,,,https://www.drifters.co.uk/uk-canal-map/,,,provider_map_verified,"Published source-provider base; verify the operating rental company, exact pickup point, and OSM match. Drifters UK Canal Map marker 923 (Aldermaston); raw Local Routes URL: https://www.drifters.co.uk/bases/aldermaston.",
company_base,drifters,Drifters,https://www.drifters.co.uk/,,,base:alvechurch-marina,Alvechurch,Worcestershire,,,,https://www.openstreetmap.org/node/949650134,52.3472996,-1.969389,https://www.drifters.co.uk/bases/alvechurch-marina/,official_base_page,https://www.google.com/search?q=Drifters+Alvechurch+boat+hire,,Alvechurch,,,,,,needs_osm_match,"Published source-provider base; verify the operating rental company, exact pickup point, and OSM match.",
company_base,drifters,Drifters,https://www.drifters.co.uk/,,,base:anderton-marina,Anderton,,Trent & Mersey Canal,,,https://www.openstreetmap.org/relation/16097687,53.2771838,-2.5254936,https://www.drifters.co.uk/bases/anderton-marina/,official_base_page,https://www.google.com/search?q=Drifters+Anderton+boat+hire,,Anderton,,,https://www.drifters.co.uk/bases/anderton-marina/,,,needs_osm_match,"Published source-provider base; verify the operating rental company, exact pickup point, and OSM match.",
company_base,drifters,Drifters,https://www.drifters.co.uk/,,,base:barnoldswick-boatyard,Barnoldswick,Lancashire,,ukwg-gbb/1457,,,53.913162,-2.174942,https://www.drifters.co.uk/bases/barnoldswick-boatyard/,official_base_page,https://www.google.com/search?q=Drifters+Barnoldswick+boat+hire,,Barnoldswick,,,https://www.drifters.co.uk/uk-canal-map/,,,provider_map_verified,"Published source-provider base; verify the operating rental company, exact pickup point, and OSM match. Drifters UK Canal Map marker 1457 (Barnoldswick); raw Local Routes URL: https://www.drifters.co.uk/bases/barnoldswick; user-approved finite alias to the canonical source URL.",
company_base,drifters,Drifters,https://www.drifters.co.uk/,,,base:blackwater-meadow,Blackwater Meadow,,Llangollen Canal,,,https://www.openstreetmap.org/way/1218084438,52.9028617,-2.8890211,https://www.drifters.co.uk/bases/blackwater-meadow/,official_base_page,https://www.google.com/search?q=Drifters+Blackwater+Meadow+boat+hire,,Blackwater Meadow,,,https://www.drifters.co.uk/bases/blackwater-meadow/,,,needs_osm_match,"Published source-provider base; verify the operating rental company, exact pickup point, and OSM match.",
company_base,drifters,Drifters,https://www.drifters.co.uk/,,,base:bradford-on-avon,Bradford on Avon,Wiltshire,Kennet & Avon Canal,ukwg-gbb/745,,,51.341918,-2.251406,https://www.drifters.co.uk/bases/bradford-on-avon/,official_base_page,https://www.google.com/search?q=Drifters+Bradford+on+Avon+boat+hire,,Bradford on Avon,,,https://www.drifters.co.uk/uk-canal-map/,,,provider_map_verified,"Published source-provider base; verify the operating rental company, exact pickup point, and OSM match. Drifters UK Canal Map marker 745 (Bradford on Avon); raw Local Routes URL: https://www.drifters.co.uk/bases/bradford-on-avon.",
company_base,drifters,Drifters,https://www.drifters.co.uk/,,,base:braunston-canal-holidays,Braunston,,Grand Union Canal,,,https://www.openstreetmap.org/node/11543307017,52.2878402,-1.2098028,https://www.drifters.co.uk/bases/braunston-canal-holidays/,official_base_page,https://www.google.com/search?q=Drifters+Braunston+boat+hire,,Braunston,,,https://www.drifters.co.uk/bases/braunston-canal-holidays/,,,needs_osm_match,"Published source-provider base; verify the operating rental company, exact pickup point, and OSM match.",
company_base,drifters,Drifters,https://www.drifters.co.uk/,,,base:brewood-canal-holidays,Brewood,,Shropshire Union Canal,ukwg-gbb/787,,,52.680537,-2.181273,https://www.drifters.co.uk/bases/brewood-canal-holidays/,official_base_page,https://www.google.com/search?q=Drifters+Brewood+boat+hire,,Brewood,,,https://www.drifters.co.uk/uk-canal-map/,,,provider_map_verified,"Published source-provider base; verify the operating rental company, exact pickup point, and OSM match. Drifters UK Canal Map marker 787 (Brewood); raw Local Routes URL: https://www.drifters.co.uk/bases/brewood; user-approved finite alias to the canonical source URL.",
company_base,drifters,Drifters,https://www.drifters.co.uk/,,,base:bunbury-boatyard,Bunbury,,Shropshire Union Canal,ukwg-gbb/1016,,,53.126942,-2.632598,https://www.drifters.co.uk/bases/bunbury-boatyard/,official_base_page,https://www.google.com/search?q=Drifters+Bunbury+boat+hire,,Bunbury,,,https://www.drifters.co.uk/uk-canal-map/,,,provider_map_verified,"Published source-provider base; verify the operating rental company, exact pickup point, and OSM match. Drifters UK Canal Map marker 1016 (Bunbury); raw Local Routes URL: https://www.drifters.co.uk/bases/bunbury; user-approved finite alias to the canonical source URL.",
company_base,drifters,Drifters,https://www.drifters.co.uk/,,,base:canal-boat-holiday-destinations-from-autherley,Autherley,the West Midlands,,ukwg-gbb/1013,,,52.616361,-2.147335,https://www.drifters.co.uk/bases/canal-boat-holiday-destinations-from-autherley/,official_base_page,https://www.google.com/search?q=Drifters+Autherley+boat+hire,,Autherley,,,https://www.drifters.co.uk/uk-canal-map/,,,provider_map_verified,"Published source-provider base; verify the operating rental company, exact pickup point, and OSM match. Drifters UK Canal Map marker 1013 (Autherley); raw Local Routes URL: https://www.drifters.co.uk/bases/canal-boat-holiday-destinations-from-autherley.",
company_base,drifters,Drifters,https://www.drifters.co.uk/,,,base:canal-boat-holiday-destinations-from-devizes,Devizes,Wiltshire,Kennet & Avon Canal,,,https://www.openstreetmap.org/way/518902141,51.3534769,-2.0512969,https://www.drifters.co.uk/bases/canal-boat-holiday-destinations-from-devizes/,official_base_page,https://www.google.com/search?q=Drifters+Devizes+boat+hire,,Devizes,,,https://www.drifters.co.uk/bases/canal-boat-holiday-destinations-from-devizes/,,,needs_osm_match,"Published source-provider base; verify the operating rental company, exact pickup point, and OSM match.",
company_base,drifters,Drifters,https://www.drifters.co.uk/,,,base:canal-boat-holiday-destinations-from-trevor-basin,Trevor,,Llangollen Canal,,,,,,https://www.drifters.co.uk/bases/canal-boat-holiday-destinations-from-trevor-basin/,official_base_page,https://www.google.com/search?q=Drifters+Trevor+boat+hire,,Trevor,,,,,,needs_osm_match,"Published source-provider base; verify the operating rental company, exact pickup point, and OSM match.",true
company_base,drifters,Drifters,https://www.drifters.co.uk/,,,base:canal-boat-holiday-destinations-from-weedon,Weedon,,Grand Union Canal,ukwg-gbb/2201,,,52.232557,-1.078218,https://www.drifters.co.uk/bases/canal-boat-holiday-destinations-from-weedon/,official_base_page,https://www.google.com/search?q=Drifters+Weedon+boat+hire,,Weedon,,,https://www.drifters.co.uk/uk-canal-map/,,,provider_map_verified,"Published source-provider base; verify the operating rental company, exact pickup point, and OSM match. Drifters UK Canal Map marker 2201 (Weedon); raw Local Routes URL: https://www.drifters.co.uk/bases/canal-boat-holiday-destinations-from-weedon.",
company_base,drifters,Drifters,https://www.drifters.co.uk/,,,base:chirk-marina,Chirk,,Llangollen Canal,,,,,,https://www.drifters.co.uk/bases/chirk-marina/,official_base_page,https://www.google.com/search?q=Drifters+Chirk+boat+hire,,Chirk,,,,,,needs_osm_match,"Published source-provider base; verify the operating rental company, exact pickup point, and OSM match.",true
company_base,drifters,Drifters,https://www.drifters.co.uk/,,,base:ely-marina,Ely,Cambridgeshire,,ukwg-gbb/862,,,52.394221,0.270200,https://www.drifters.co.uk/bases/ely-marina/,official_base_page,https://www.google.com/search?q=Drifters+Ely+boat+hire,,Ely,,,https://www.drifters.co.uk/uk-canal-map/,,,provider_map_verified,"Published source-provider base; verify the operating rental company, exact pickup point, and OSM match. Drifters UK Canal Map marker 862 (Ely); raw Local Routes URL: https://www.drifters.co.uk/bases/ely; user-approved finite alias to the canonical source URL.",
company_base,drifters,Drifters,https://www.drifters.co.uk/,,,base:falkirk-wheel,Falkirk,,Scottish Lowland Canals,,,,,,https://www.drifters.co.uk/bases/falkirk-wheel/,official_base_page,https://www.google.com/search?q=Drifters+Falkirk+boat+hire,,Falkirk,,,,,,needs_osm_match,"Published source-provider base; verify the operating rental company, exact pickup point, and OSM match.",true
company_base,drifters,Drifters,https://www.drifters.co.uk/,,,base:gailey-marina,Gailey,,,ukwg-gbb/1075,,,52.690911,-2.119550,https://www.drifters.co.uk/bases/gailey-marina/,official_base_page,https://www.google.com/search?q=Drifters+Gailey+boat+hire,,Gailey,,,https://www.drifters.co.uk/uk-canal-map/,,,provider_map_verified,"Published source-provider base; verify the operating rental company, exact pickup point, and OSM match. Drifters UK Canal Map marker 1075 (Gailey); raw Local Routes URL: https://www.drifters.co.uk/bases/gailey; user-approved finite alias to the canonical source URL.",
company_base,drifters,Drifters,https://www.drifters.co.uk/,,,base:gayton-marina,Gayton,Northampton,,,,https://www.openstreetmap.org/way/1187583407,52.1920716,-0.9455441,https://www.drifters.co.uk/bases/gayton-marina/,official_base_page,https://www.google.com/search?q=Drifters+Gayton+boat+hire,,Gayton,,,https://www.drifters.co.uk/bases/gayton-marina/,,,needs_osm_match,"Published source-provider base; verify the operating rental company, exact pickup point, and OSM match.",
company_base,drifters,Drifters,https://www.drifters.co.uk/,,,base:goytre-wharf,Goytre,South Wales,,,,,,,https://www.drifters.co.uk/bases/goytre-wharf/,official_base_page,https://www.google.com/search?q=Drifters+Goytre+boat+hire,,Goytre,,,,,,needs_osm_match,"Published source-provider base; verify the operating rental company, exact pickup point, and OSM match.",true
company_base,drifters,Drifters,https://www.drifters.co.uk/,,,base:great-haywood-marina,Great Haywood,,Trent & Mersey Canal,,,https://www.openstreetmap.org/way/1162738330,52.8095467,-2.0066240,https://www.drifters.co.uk/bases/great-haywood-marina/,official_base_page,https://www.google.com/search?q=Drifters+Great+Haywood+boat+hire,,Great Haywood,,,https://www.drifters.co.uk/bases/great-haywood-marina/,,,needs_osm_match,"Published source-provider base; verify the operating rental company, exact pickup point, and OSM match.",
company_base,drifters,Drifters,https://www.drifters.co.uk/,,,base:hilperton-marina,Hilperton,Wiltshire,Kennet & Avon Canal,,,https://www.openstreetmap.org/way/428517651,51.33815235,-2.203667717410713,https://www.drifters.co.uk/bases/hilperton-marina/,official_base_page,https://www.google.com/search?q=Drifters+Hilperton+boat+hire,,Hilperton,,,,,,needs_osm_match,"Published source-provider base; verify the operating rental company, exact pickup point, and OSM match.",
company_base,drifters,Drifters,https://www.drifters.co.uk/,,,base:kings-orchard-marina,Kings Orchard Marina,Staffordshire,,ukwg-gbb/2192,,,52.690710,-1.780740,https://www.drifters.co.uk/bases/kings-orchard-marina/,official_base_page,https://www.google.com/search?q=Drifters+Kings+Orchard+Marina+boat+hire,,Kings Orchard Marina,,,https://www.drifters.co.uk/uk-canal-map/,,,provider_map_verified,"Published source-provider base; verify the operating rental company, exact pickup point, and OSM match. Drifters UK Canal Map marker 2192 (Kings Orchard); raw Local Routes URL: https://www.drifters.co.uk/bases/kings-orchard; user-approved finite alias to the canonical source URL.",
company_base,drifters,Drifters,https://www.drifters.co.uk/,,,base:lower-heyford,Lower Heyford,,Oxford Canal,ukwg-gbb/645,,,51.918833,-1.298733,https://www.drifters.co.uk/bases/lower-heyford/,official_base_page,https://www.google.com/search?q=Drifters+Lower+Heyford+boat+hire,,Lower Heyford,,,https://www.drifters.co.uk/uk-canal-map/,,,provider_map_verified,"Published source-provider base; verify the operating rental company, exact pickup point, and OSM match. Drifters UK Canal Map marker 645 (Lower Heyford); raw Local Routes URL: https://www.drifters.co.uk/bases/lower-heyford.",
company_base,drifters,Drifters,https://www.drifters.co.uk/,,,base:march-marina,March,Cambridgeshire,,ukwg-gbb/1459,,,52.554836,0.066645,https://www.drifters.co.uk/bases/march-marina/,official_base_page,https://www.google.com/search?q=Drifters+March+boat+hire,,March,,,https://www.drifters.co.uk/uk-canal-map/,,,provider_map_verified,"Published source-provider base; verify the operating rental company, exact pickup point, and OSM match. Drifters UK Canal Map marker 1459 (March); raw Local Routes URL: https://www.drifters.co.uk/bases/march/?location=March; user-approved finite alias to the canonical source URL.",
company_base,drifters,Drifters,https://www.drifters.co.uk/,,,base:monkton-combe-boatyard,Monkton Combe,Somerset,Kennet & Avon Canal,ukwg-gbb/1391,,,51.357826,-2.315244,https://www.drifters.co.uk/bases/monkton-combe-boatyard/,official_base_page,https://www.google.com/search?q=Drifters+Monkton+Combe+boat+hire,,Monkton Combe,,,https://www.drifters.co.uk/uk-canal-map/,,,provider_map_verified,"Published source-provider base; verify the operating rental company, exact pickup point, and OSM match. Drifters UK Canal Map marker 1391 (Monkton Combe); raw Local Routes URL: https://www.drifters.co.uk/bases/monkton-combe; user-approved finite alias to the canonical source URL.",
company_base,drifters,Drifters,https://www.drifters.co.uk/,,,base:nantwich,Nantwich,,Shropshire Union Canal,ukwg-gbb/2199,,,53.071015,-2.538735,https://www.drifters.co.uk/bases/nantwich/,official_base_page,https://www.google.com/search?q=Drifters+Nantwich+boat+hire,,Nantwich,,,https://www.drifters.co.uk/uk-canal-map/,,,provider_map_verified,"Published source-provider base; verify the operating rental company, exact pickup point, and OSM match. Drifters UK Canal Map marker 2199 (Nantwich); raw Local Routes URL: https://www.drifters.co.uk/bases/nantwich/?location=Nantwich; user-approved finite alias to the canonical source URL.",
company_base,drifters,Drifters,https://www.drifters.co.uk/,,,base:napton-marina,Napton,,,,,https://www.openstreetmap.org/way/169285560,52.2565188,-1.3224497,https://www.drifters.co.uk/bases/napton-marina/,official_base_page,https://www.google.com/search?q=Drifters+Napton+boat+hire,,Napton,,,https://www.drifters.co.uk/bases/napton-marina/,,,needs_osm_match,"Published source-provider base; verify the operating rental company, exact pickup point, and OSM match.",
company_base,drifters,Drifters,https://www.drifters.co.uk/,,,base:silsden-hire-base-for-drifters-canal-boat-holidays,Silsden,"Keighley, West Yorkshire",,ukwg-gbb/822,,,53.911752,-1.938201,https://www.drifters.co.uk/bases/silsden-hire-base-for-drifters-canal-boat-holidays/,official_base_page,https://www.google.com/search?q=Drifters+Silsden+boat+hire,,Silsden,,,https://www.drifters.co.uk/uk-canal-map/,,,provider_map_verified,"Published source-provider base; verify the operating rental company, exact pickup point, and OSM match. Drifters UK Canal Map marker 822 (Silsden); raw Local Routes URL: https://www.drifters.co.uk/bases/silsden; user-approved finite alias to the canonical source URL.",
company_base,drifters,Drifters,https://www.drifters.co.uk/,,,base:sowerby-bridge,Sowerby Bridge,West Yorkshire,,ukwg-gbb/1389,,,53.709957,-1.903440,https://www.drifters.co.uk/bases/sowerby-bridge/,official_base_page,https://www.google.com/search?q=Drifters+Sowerby+Bridge+boat+hire,,Sowerby Bridge,,,https://www.drifters.co.uk/uk-canal-map/,,,provider_map_verified,"Published source-provider base; verify the operating rental company, exact pickup point, and OSM match. Drifters UK Canal Map marker 1389 (Sowerby Bridge); raw Local Routes URL: https://www.drifters.co.uk/bases/sowerby-bridge.",
company_base,drifters,Drifters,https://www.drifters.co.uk/,,,base:springwood,Springwood Haven,,,ukwg-gbb/2198,,,52.540303,-1.494511,https://www.drifters.co.uk/bases/springwood/,official_base_page,https://www.google.com/search?q=Drifters+Springwood+Haven+boat+hire,,Springwood Haven,,,https://www.drifters.co.uk/uk-canal-map/,,,provider_map_verified,"Published source-provider base; verify the operating rental company, exact pickup point, and OSM match. Drifters UK Canal Map marker 2198 (Springwood Haven); raw Local Routes URL: https://www.drifters.co.uk/bases/springwood.",
company_base,drifters,Drifters,https://www.drifters.co.uk/,,,base:stockton-marina,Stockton,,,ukwg-gbb/1077,,,52.282509,-1.360343,https://www.drifters.co.uk/bases/stockton-marina/,official_base_page,https://www.google.com/search?q=Drifters+Stockton+boat+hire,,Stockton,,,https://www.drifters.co.uk/uk-canal-map/,,,provider_map_verified,"Published source-provider base; verify the operating rental company, exact pickup point, and OSM match. Drifters UK Canal Map marker 1077 (Stockton); raw Local Routes URL: https://www.drifters.co.uk/bases/stockton; user-approved finite alias to the canonical source URL.",
company_base,drifters,Drifters,https://www.drifters.co.uk/,,,base:stoke-on-trent,Stoke on Trent,,Trent & Mersey Canal,ukwg-gbb/864,,,53.024572,-2.196654,https://www.drifters.co.uk/bases/stoke-on-trent/,official_base_page,https://www.google.com/search?q=Drifters+Stoke+on+Trent+boat+hire,,Stoke on Trent,,,https://www.drifters.co.uk/uk-canal-map/,,,provider_map_verified,"Published source-provider base; verify the operating rental company, exact pickup point, and OSM match. Drifters UK Canal Map marker 864 (Stoke on Trent); raw Local Routes URL: https://www.drifters.co.uk/bases/stoke-on-trent.",
company_base,drifters,Drifters,https://www.drifters.co.uk/,,,base:stoke-prior,Stoke Prior,Worcestershire,,ukwg-gbb/737,,,52.301568,-2.072659,https://www.drifters.co.uk/bases/stoke-prior/,official_base_page,https://www.google.com/search?q=Drifters+Stoke+Prior+boat+hire,,Stoke Prior,,,https://www.drifters.co.uk/uk-canal-map/,,,provider_map_verified,"Published source-provider base; verify the operating rental company, exact pickup point, and OSM match. Drifters UK Canal Map marker 737 (Stoke Prior); raw Local Routes URL: https://www.drifters.co.uk/bases/stoke-prior.",
company_base,drifters,Drifters,https://www.drifters.co.uk/,,,base:sydney-wharf-bath,Bath,,Kennet & Avon Canal,ukwg-gbb/736,,,51.383267,-2.348722,https://www.drifters.co.uk/bases/sydney-wharf-bath/,official_base_page,https://www.google.com/search?q=Drifters+Bath+boat+hire,,Bath,,,https://www.drifters.co.uk/uk-canal-map/,,,provider_map_verified,"Published source-provider base; verify the operating rental company, exact pickup point, and OSM match. Drifters UK Canal Map marker 736 (Bath); raw Local Routes URL: https://www.drifters.co.uk/bases/sydney-wharf-bath.",
company_base,drifters,Drifters,https://www.drifters.co.uk/,,,base:whitchurch-marina,Whitchurch,,Llangollen Canal,,,https://www.openstreetmap.org/way/513617357,52.96794695,-2.7092016228561473,https://www.drifters.co.uk/bases/whitchurch-marina/,official_base_page,https://www.google.com/search?q=Drifters+Whitchurch+boat+hire,,Whitchurch,,,,,,needs_osm_match,"Published source-provider base; verify the operating rental company, exact pickup point, and OSM match.",
company_base,drifters,Drifters,https://www.drifters.co.uk/,,,base:whixall-marina,Whixall,,Prees Branch of the Llangollen Canal,,,https://www.openstreetmap.org/way/91016074,52.9020237,-2.7516602,https://www.drifters.co.uk/bases/whixall-marina/,official_base_page,https://www.google.com/search?q=Drifters+Whixall+boat+hire,,Whixall,,,https://www.drifters.co.uk/bases/whixall-marina/,,,needs_osm_match,"Published source-provider base; verify the operating rental company, exact pickup point, and OSM match.",
company_base,drifters,Drifters,https://www.drifters.co.uk/,,,base:wootton-wawen,Wootton Wawen,,,ukwg-gbb/1080,,,52.264757,-1.768773,https://www.drifters.co.uk/bases/wootton-wawen/,official_base_page,https://www.google.com/search?q=Drifters+Wootton+Wawen+boat+hire,,Wootton Wawen,,,https://www.drifters.co.uk/uk-canal-map/,,,provider_map_verified,"Published source-provider base; verify the operating rental company, exact pickup point, and OSM match. Drifters UK Canal Map marker 1080 (Wootton Wawen); raw Local Routes URL: https://www.drifters.co.uk/bases/wootton-wawen.",
company_base,drifters,Drifters,https://www.drifters.co.uk/,,,base:worcester-marina,Worcester,,,,,https://www.openstreetmap.org/way/297347764,52.1964865,-2.2164465479036215,https://www.drifters.co.uk/bases/worcester-marina/,official_base_page,https://www.google.com/search?q=Drifters+Worcester+boat+hire,,Worcester,,,,,,needs_osm_match,"Published source-provider base; verify the operating rental company, exact pickup point, and OSM match.",
company_base,drifters,Drifters,https://www.drifters.co.uk/,,,base:wrenbury-mill,Wrenbury,,Llangollen Canal,,,https://www.openstreetmap.org/way/40267524,53.0283476,-2.6131254,https://www.drifters.co.uk/bases/wrenbury-mill/,official_base_page,https://www.google.com/search?q=Drifters+Wrenbury+boat+hire,,Wrenbury,,,https://www.drifters.co.uk/bases/wrenbury-mill/,,,needs_osm_match,"Published source-provider base; verify the operating rental company, exact pickup point, and OSM match.",
company_base,narrow-boat-hire,Narrow Boat Hire,https://www.narrow-boat-hire.co.uk/,,,base:aldermaston-wharf,Aldermaston Wharf,Berkshire,Kennet and Avon,narrow-boat-hire-detail-map/aldermaston,,,51.4009381,-1.13438445,https://www.narrow-boat-hire.co.uk/locations.html,official_base_page,https://www.google.com/search?q=Narrow+Boat+Hire+Aldermaston+Wharf+boat+hire,,Aldermaston Wharf,,,https://www.narrow-boat-hire.co.uk/narrow-boat-hire-at-Aldermaston.html,,,provider_map_verified,"Published source-provider base; verify the operating rental company, exact pickup point, and OSM match. Narrow Boat Hire detail page explicitly names Aldermaston Wharf; used embedded map !3d/!2d coordinate 51.4009381,-1.13438445.",
company_base,narrow-boat-hire,Narrow Boat Hire,https://www.narrow-boat-hire.co.uk/,,,base:alvechurch-marina,Alvechurch Marina,Worcestershire,Worcester and Birmingham,,,https://www.openstreetmap.org/node/949650134,52.3472996,-1.969389,https://www.narrow-boat-hire.co.uk/locations.html,official_base_page,https://www.google.com/search?q=Narrow+Boat+Hire+Alvechurch+Marina+boat+hire,,Alvechurch Marina,,,,,,needs_osm_match,"Published source-provider base; verify the operating rental company, exact pickup point, and OSM match.",
company_base,narrow-boat-hire,Narrow Boat Hire,https://www.narrow-boat-hire.co.uk/,,,base:anderton-marina,Anderton Marina,Cheshire,Trent and Mersey,,,https://www.openstreetmap.org/relation/16097687,53.2771838,-2.5254936,https://www.narrow-boat-hire.co.uk/locations.html,official_base_page,https://www.google.com/search?q=Narrow+Boat+Hire+Anderton+Marina+boat+hire,,Anderton Marina,,,https://www.narrow-boat-hire.com/location-Anderton.html,,,needs_osm_match,"Published source-provider base; verify the operating rental company, exact pickup point, and OSM match.",
company_base,narrow-boat-hire,Narrow Boat Hire,https://www.narrow-boat-hire.co.uk/,,,base:blackwater-meadow-marina,Blackwater Meadow Marina,Shropshire,Llangollen,,,https://www.openstreetmap.org/way/1218084438,52.9028617,-2.8890211,https://www.narrow-boat-hire.co.uk/locations.html,official_base_page,https://www.google.com/search?q=Narrow+Boat+Hire+Blackwater+Meadow+Marina+boat+hire,,Blackwater Meadow Marina,,,https://www.narrow-boat-hire.com/location-Blackwater.html,,,needs_osm_match,"Published source-provider base; verify the operating rental company, exact pickup point, and OSM match.",
company_base,narrow-boat-hire,Narrow Boat Hire,https://www.narrow-boat-hire.co.uk/,,,base:falkirk-wharf,Falkirk Wharf,Stirlingshire,Forth and Clyde,,,,,,https://www.narrow-boat-hire.co.uk/locations.html,official_base_page,https://www.google.com/search?q=Narrow+Boat+Hire+Falkirk+Wharf+boat+hire,,Falkirk Wharf,,,,,,needs_osm_match,"Published source-provider base; verify the operating rental company, exact pickup point, and OSM match.",true
company_base,narrow-boat-hire,Narrow Boat Hire,https://www.narrow-boat-hire.co.uk/,,,base:fox-s-marina,Fox's Marina,Cambridgeshire,River Ouse,narrow-boat-hire-detail-map/march,,,52.5553134298208,0.061396416448774305,https://www.narrow-boat-hire.co.uk/locations.html,official_base_page,https://www.google.com/search?q=Narrow+Boat+Hire+Fox%27s+Marina+boat+hire,,Fox's Marina,,,https://www.narrow-boat-hire.co.uk/narrow-boat-hire-at-March.html,,,provider_map_verified,"Published source-provider base; verify the operating rental company, exact pickup point, and OSM match. Narrow Boat Hire detail page explicitly names Fox's Marina; used embedded map !3d/!2d coordinate 52.5553134298208,0.061396416448774305.",
company_base,narrow-boat-hire,Narrow Boat Hire,https://www.narrow-boat-hire.co.uk/,,,base:gailey-wharf,Gailey Wharf,Staffordshire,Shropshire Union,,,https://www.openstreetmap.org/way/545655463,52.6897219,-2.1197877,https://www.narrow-boat-hire.co.uk/locations.html,official_base_page,https://www.google.com/search?q=Narrow+Boat+Hire+Gailey+Wharf+boat+hire,,Gailey Wharf,,,https://www.narrow-boat-hire.com/location-Gailey.html,,,needs_osm_match,"Published source-provider base; verify the operating rental company, exact pickup point, and OSM match.",
company_base,narrow-boat-hire,Narrow Boat Hire,https://www.narrow-boat-hire.co.uk/,,,base:gayton-marina,Gayton Marina,Northamptonshire,Grand Union,,,https://www.openstreetmap.org/way/1187583407,52.1920716,-0.9455441,https://www.narrow-boat-hire.co.uk/locations.html,official_base_page,https://www.google.com/search?q=Narrow+Boat+Hire+Gayton+Marina+boat+hire,,Gayton Marina,,,https://www.narrow-boat-hire.com/location-Gayton.html,,,needs_osm_match,"Published source-provider base; verify the operating rental company, exact pickup point, and OSM match.",
company_base,narrow-boat-hire,Narrow Boat Hire,https://www.narrow-boat-hire.co.uk/,,,base:goytre-wharf,Goytre Wharf,Monmouthshire,Monmouthshire and Brecon,,,,,,https://www.narrow-boat-hire.co.uk/locations.html,official_base_page,https://www.google.com/search?q=Narrow+Boat+Hire+Goytre+Wharf+boat+hire,,Goytre Wharf,,,,,,needs_osm_match,"Published source-provider base; verify the operating rental company, exact pickup point, and OSM match.",true
company_base,narrow-boat-hire,Narrow Boat Hire,https://www.narrow-boat-hire.co.uk/,,,base:hilperton-marina,Hilperton Marina,Wiltshire,Kennet and Avon,,,https://www.openstreetmap.org/way/428517651,51.33815235,-2.203667717410713,https://www.narrow-boat-hire.co.uk/locations.html,official_base_page,https://www.google.com/search?q=Narrow+Boat+Hire+Hilperton+Marina+boat+hire,,Hilperton Marina,,,,,,needs_osm_match,"Published source-provider base; verify the operating rental company, exact pickup point, and OSM match.",
company_base,narrow-boat-hire,Narrow Boat Hire,https://www.narrow-boat-hire.co.uk/,,,base:kings-orchard-marina,Kings Orchard Marina,Staffordshire,Coventry,narrow-boat-hire-detail-map/kings-orchard,,,52.69100303119615,-1.7814762490083236,https://www.narrow-boat-hire.co.uk/locations.html,official_base_page,https://www.google.com/search?q=Narrow+Boat+Hire+Kings+Orchard+Marina+boat+hire,,Kings Orchard Marina,,,https://www.narrow-boat-hire.co.uk/narrow-boat-hire-at-Kings%20Orchard.html,,,provider_map_verified,"Published source-provider base; verify the operating rental company, exact pickup point, and OSM match. Narrow Boat Hire detail page explicitly names Kings Orchard Marina; used embedded map !3d/!2d coordinate 52.69100303119615,-1.7814762490083236.",
company_base,narrow-boat-hire,Narrow Boat Hire,https://www.narrow-boat-hire.co.uk/,,,base:springwood-haven,Springwood Haven,Warwickshire,,,,https://www.openstreetmap.org/way/253196347,52.5398036,-1.4950927,https://www.narrow-boat-hire.co.uk/locations.html,official_base_page,https://www.google.com/search?q=Narrow+Boat+Hire+Springwood+Haven+boat+hire,,Springwood Haven,,,https://www.narrow-boat-hire.com/location-Springwood%20Haven.html,,,needs_osm_match,"Published source-provider base; verify the operating rental company, exact pickup point, and OSM match.",
company_base,narrow-boat-hire,Narrow Boat Hire,https://www.narrow-boat-hire.co.uk/,,,base:whitchurch-marina,Whitchurch Marina,Shropshire,Llangollen,,,https://www.openstreetmap.org/way/513617357,52.96794695,-2.7092016228561473,https://www.narrow-boat-hire.co.uk/locations.html,official_base_page,https://www.google.com/search?q=Narrow+Boat+Hire+Whitchurch+Marina+boat+hire,,Whitchurch Marina,,,,,,needs_osm_match,"Published source-provider base; verify the operating rental company, exact pickup point, and OSM match.",
company_base,narrow-boat-hire,Narrow Boat Hire,https://www.narrow-boat-hire.co.uk/,,,base:worcester-marina,Worcester Marina,Worcestershire,Worcester and Birmingham,,,https://www.openstreetmap.org/way/297347764,52.1964865,-2.2164465479036215,https://www.narrow-boat-hire.co.uk/locations.html,official_base_page,https://www.google.com/search?q=Narrow+Boat+Hire+Worcester+Marina+boat+hire,,Worcester Marina,,,,,,needs_osm_match,"Published source-provider base; verify the operating rental company, exact pickup point, and OSM match.",
company_base,narrow-boat-hire,Narrow Boat Hire,https://www.narrow-boat-hire.co.uk/,,,base:wrenbury-marina,Wrenbury Marina,Cheshire,Llangollen,,,https://www.openstreetmap.org/way/1299179031,53.0285926,-2.6130412,https://www.narrow-boat-hire.co.uk/locations.html,official_base_page,https://www.google.com/search?q=Narrow+Boat+Hire+Wrenbury+Marina+boat+hire,,Wrenbury Marina,,,https://www.narrow-boat-hire.com/location-Wrenbury.html,,,needs_osm_match,"Published source-provider base; verify the operating rental company, exact pickup point, and OSM match.",
company_base,shire-cruisers,Shire Cruisers,https://www.shirecruisers.co.uk/,,,base:sowerby-bridge,Sowerby Bridge,West Yorkshire,Rochdale Canal,,,,53.709957,-1.903440,https://www.shirecruisers.co.uk/about/find-us-sowerby-bridge.php,official_base_page,https://www.google.com/search?q=Shire+Cruisers+Sowerby+Bridge+boat+hire,,Sowerby Bridge,,,https://www.shirecruisers.co.uk/about/find-us-sowerby-bridge.php,,,cross_provider_map_verified,"Official Shire Cruisers address: The Wharf, Sowerby Bridge HX6 2AG. Coordinate corroborated by the Drifters official canal map: https://www.drifters.co.uk/uk-canal-map/.",
company_base,shire-cruisers,Shire Cruisers,https://www.shirecruisers.co.uk/,,,base:barnoldswick,Lower Park Marina,Lancashire,Leeds and Liverpool Canal,,,,53.913162,-2.174942,https://www.shirecruisers.co.uk/about/find-us-barnoldswick.php,official_base_page,https://www.google.com/search?q=Shire+Cruisers+Lower+Park+Marina+boat+hire,,Lower Park Marina,,,https://www.shirecruisers.co.uk/about/find-us-barnoldswick.php,,,cross_provider_map_verified,"Official Shire Cruisers address: Lower Park Marina, Kelbrook Road, Barnoldswick BB18 5TB. Coordinate corroborated by the Drifters official canal map: https://www.drifters.co.uk/uk-canal-map/.",
company_base,marine-cruises,Marine Cruises,https://marinecruises.co.uk/,,,base:swanley-bridge-marina,Swanley Bridge Marina,Cheshire,Llangollen Canal,,,https://www.openstreetmap.org/way/164214746,53.0731203,-2.5747632,https://marinecruises.co.uk/swanley-bridge-marina.htm,official_base_page,https://www.google.com/search?q=Marine+Cruises+Swanley+Bridge+Marina+boat+hire,,Swanley Bridge Marina,,,,,,osm_verified,"Official base at Swanley Bridge Marina, Springe Lane, Swanley, Nantwich CW5 8NR; matched to the named OSM marina.",
company_base,marine-cruises,Marine Cruises,https://marinecruises.co.uk/,,,base:falkirk-marina,Falkirk Marina,Falkirk,Forth and Clyde Canal,,,,56.000301,-3.841953,https://marinecruises.co.uk/falkirk-marina.htm,official_base_page,https://www.google.com/search?q=Marine+Cruises+Falkirk+Marina+boat+hire,,Falkirk Marina,,,https://marinecruises.co.uk/narrowboat-holidays.htm,,,provider_map_verified,Official Marine Cruises page identifies its Falkirk base at the foot of the Falkirk Wheel; excluded because the routing artifact covers England.,true
company_base,chas-hardern-boats,Chas Hardern Boats,https://www.chashardern.co.uk/,,,base:beeston-castle-wharf,Beeston Castle Wharf,Cheshire,Shropshire Union Canal,,,,53.135,-2.671,https://www.chashardern.co.uk/contact-us.htm,official_base_page,https://www.google.com/search?q=Chas+Hardern+Boats+Beeston+Castle+Wharf+boat+hire,,Beeston Castle Wharf,,,https://canalplan.co.uk/place/fqkk,,,third_party_map_verified,"Official address: Beeston Castle Wharf, Beeston, Tarporley, Cheshire CW6 9NH. Coordinate from CanalPlan place FQKK for the named wharf.",
company_base,rose-narrowboats,Rose Narrowboats,https://www.rose-narrowboats.co.uk/,,,base:stretton-stop,Stretton Stop,Warwickshire,Oxford Canal,,,https://www.openstreetmap.org/way/169863880,52.4224899,-1.3555092,https://www.rose-narrowboats.co.uk/how-to-find-us.html,official_base_page,https://www.google.com/search?q=Rose+Narrowboats+Stretton+Stop+boat+hire,,Stretton Stop,,,,,,osm_verified,"Official base at Fosse Way, Stretton-under-Fosse CV23 0PU; matched to the named OSM Rose Boatyard.",
company_base,cambrian-cruisers,Cambrian Cruisers,https://www.cambriancruisers.co.uk/,,,base:ty-newydd-pencelli,"Ty Newydd, Pencelli",Powys,Monmouthshire and Brecon Canal,,,,51.9245689,-3.3283138,https://www.cambriancruisers.co.uk/contact,official_base_page,https://www.google.com/search?q=Cambrian+Cruisers+Ty+Newydd%2C+Pencelli+boat+hire,,"Ty Newydd, Pencelli",,,https://www.cambriancruisers.co.uk/contact,,,provider_map_verified,"Official contact-page map supplies the coordinate for the Ty Newydd, Pencelli LD3 7LJ hire base; excluded because the routing artifact covers England.",true
company_base,beacon-park-boats,Beacon Park Boats,https://beaconparkboats.com/,,,base:llangattock,Llangattock Wharf,Powys,Monmouthshire and Brecon Canal,,,,,,https://beaconparkboats.com/contact,official_base_page,https://www.google.com/search?q=Beacon+Park+Boats+Llangattock+Wharf+boat+hire,,Llangattock Wharf,,,https://beaconparkboats.com/contact,,,official_address_verified,"Official address: The Boathouse, Hillside Road, Llangattock, Crickhowell, Powys NP8 1EQ; excluded because the routing artifact covers England.",true
company_base,norbury-wharf,Norbury Wharf,https://www.norburywharfltd.co.uk/,,,base:norbury-junction,Norbury Wharf,Staffordshire,Shropshire Union Canal,,,https://www.openstreetmap.org/node/3700106874,52.8029796,-2.3074336,https://www.norburywharfltd.co.uk/contact-us/,official_base_page,https://www.google.com/search?q=Norbury+Wharf+Norbury+Wharf+boat+hire,,Norbury Wharf,,,,,,osm_verified,"Official address: The Wharf, Norbury Junction, Staffordshire ST20 0PN; coordinate is the named wharf-side OSM feature.",
company_base,starline-narrowboats,Starline Narrowboats,https://www.starlinenarrowboats.co.uk/,,,base:stourport-marina,Stourport Marina,Worcestershire,Staffordshire and Worcestershire Canal,,,https://www.openstreetmap.org/way/488452661,52.3265559,-2.2690314,https://www.starlinenarrowboats.co.uk/routes.html,official_base_page,https://www.google.com/search?q=Starline+Narrowboats+Stourport+Marina+boat+hire,,Stourport Marina,,,,,,osm_verified,"Official hire base at Stourport Marina, Engine Lane, Stourport-on-Severn DY13 9EP; matched to the named OSM marina.",
company_base,fox-narrowboats,Fox Narrowboats,https://www.foxboats.co.uk/,,,base:march-wharf,Fox's Marina / March Wharf,Cambridgeshire,Middle Level Navigations,,,,52.5553134298208,0.061396416448774305,https://www.foxboats.co.uk/contact-us/,official_base_page,https://www.google.com/search?q=Fox+Narrowboats+Fox%27s+Marina+%2F+March+Wharf+boat+hire,,Fox's Marina / March Wharf,,,https://www.foxboats.co.uk/contact-us/,,,cross_provider_map_verified,"Official address: 10 Marina Drive, March PE15 0AU. Coordinate corroborated by the Narrow Boat Hire detail map: https://www.narrow-boat-hire.co.uk/narrow-boat-hire-at-March.html.",
company_base,kate-boats,Kate Boats,https://www.kateboats.co.uk/,,,base:stockton-top-marina,Stockton Top Marina,Warwickshire,Grand Union Canal,,,https://www.openstreetmap.org/way/169250288,52.2827551,-1.3608859,https://www.kateboats.co.uk/how-to-find-us/,official_base_page,https://www.google.com/search?q=Kate+Boats+Stockton+Top+Marina+boat+hire,,Stockton Top Marina,,,,,,osm_verified,"Official current departure base at Stockton Top Marina, Rugby Road, Stockton CV47 8HN; matched to the named OSM marina.",
company_base,college-cruisers,College Cruisers,https://www.collegecruisers.com/,,,base:combe-road-wharf,Combe Road Wharf,Oxfordshire,Oxford Canal,,,https://www.openstreetmap.org/way/1302283620,51.7581917,-1.2703537,https://www.collegecruisers.com/boat-yard-services/,official_base_page,https://www.google.com/search?q=College+Cruisers+Combe+Road+Wharf+boat+hire,,Combe Road Wharf,,,,,,osm_verified,"Official Oxford hire wharf at Combe Road Wharf, Oxford OX2 6BL; matched to the named OSM College Cruisers site.",
company_base,oxfordshire-narrowboats,Oxfordshire Narrowboats,https://www.oxfordshire-narrowboats.co.uk/,,,base:lower-heyford,Heyford Wharf,Oxfordshire,Oxford Canal,,,https://www.openstreetmap.org/way/135268694,51.9187513,-1.2984992,https://www.oxfordshire-narrowboats.co.uk/new-page,official_base_page,https://www.google.com/search?q=Oxfordshire+Narrowboats+Heyford+Wharf+boat+hire,,Heyford Wharf,,,,,,osm_verified,"Official base at Heyford Wharf, Station Road, Lower Heyford OX25 5PD; matched to the named OSM wharf.",
company_base,oxfordshire-narrowboats,Oxfordshire Narrowboats,https://www.oxfordshire-narrowboats.co.uk/,,,base:bradford-on-avon,Bradford Wharf,Wiltshire,Kennet and Avon Canal,,,,51.3411477,-2.2524255,https://www.oxfordshire-narrowboats.co.uk/new-page,official_base_page,https://www.google.com/search?q=Oxfordshire+Narrowboats+Bradford+Wharf+boat+hire,,Bradford Wharf,,,"https://www.google.com/maps/place/39+Frome+Rd,+Bradford-on-Avon+BA15+2EA,+UK/@51.3411477,-2.2524255,17z",,,human_location_verified,"Official base address: Bradford Wharf, Frome Road, Bradford-on-Avon BA15 2EA. Google Place coordinate identifies the same street address.",
company_base,white-horse-boats,White Horse Boats,https://whitehorsenarrowboats.co.uk/,,,base:devizes-wharf,Devizes Wharf,Wiltshire,Kennet and Avon Canal,,,https://www.openstreetmap.org/way/316291263,51.3553014,-1.9953834,https://whitehorsenarrowboats.co.uk/contact,official_base_page,https://www.google.com/search?q=White+Horse+Boats+Devizes+Wharf+boat+hire,,Devizes Wharf,,,,,,osm_verified,Official site says boats operate from Devizes Wharf SN10 1EB next to the Wharf Theatre; coordinate is the named OSM theatre feature.,
company_base,foxhangers,Foxhangers Canal Holidays,https://www.foxhangers.co.uk/,,,base:lower-foxhangers,Foxhangers Wharf,Wiltshire,Kennet and Avon Canal,,,https://www.openstreetmap.org/way/518902141,51.3537852,-2.0512676,https://www.foxhangers.co.uk/contact-2/,official_base_page,https://www.google.com/search?q=Foxhangers+Canal+Holidays+Foxhangers+Wharf+boat+hire,,Foxhangers Wharf,,,,,,osm_verified,"Official base at Lower Foxhangers Farm, near Rowde, Devizes SN10 1SS; matched to the named OSM Foxhangers Hire Base.",
company_base,wyvern-shipping,The Wyvern Shipping Co,https://www.canalholidays.co.uk/,,,base:leighton-buzzard,Leighton Buzzard,Bedfordshire,Grand Union Canal,,,https://www.openstreetmap.org/way/615463055,51.922869,-0.667910,https://www.canalholidays.co.uk/contact-us/,official_base_page,https://www.google.com/search?q=The+Wyvern+Shipping+Co+Leighton+Buzzard+boat+hire,,Leighton Buzzard,,,,,,provider_map_verified,"Official address: Rothschild Road, Linslade, Leighton Buzzard LU7 2TF. Coordinate comes from the official contact-page Google Maps link and matches the named OSM business.",
company_base,honeystreet-boats,Honeystreet Boats,https://www.honeystreetboats.co.uk/,,,base:honeystreet-mill,Honeystreet Mill,Wiltshire,Kennet and Avon Canal,,,https://www.openstreetmap.org/way/924954246,51.3535269,-1.8534747,https://www.honeystreetboats.co.uk/about-us/,official_base_page,https://www.google.com/search?q=Honeystreet+Boats+Honeystreet+Mill+boat+hire,,Honeystreet Mill,,,,,,osm_verified,"Official site says boats operate from Honeystreet Mill, Honeystreet Village SN9 5PS; coordinate is the named OSM mill-site building.",
company_base,chesterfield-canal-boat-company,Chesterfield Canal Boat Company,https://www.chesterfieldcanalboat.co.uk/,,,base:west-stockwith-basin,West Stockwith Basin,Nottinghamshire,Chesterfield Canal,chesterfield-canal-boat-company/west-stockwith-basin,,,53.44299841967885,-0.8191359043121338,https://www.chesterfieldcanalboat.co.uk/location,official_location_page,https://www.google.com/search?q=Chesterfield+Canal+Boat+Company+West+Stockwith+Basin+boat+hire,,West Stockwith Basin,,,https://www.chesterfieldcanalboat.co.uk/location,07903 093746 / 07429 266648,info@chesterfieldcanalboat.co.uk,provider_map_verified,Official location page names West Stockwith Canal Basin as the home base and supplies the embedded map coordinate.,
company_base,duck-island-boat-company,Duck Island Boat Company,https://www.lancastercanalboathire.com/,,,base:garstang-marina,Garstang Marina,Lancashire,Lancaster Canal,duck-island-boat-company/garstang-marina,,https://www.openstreetmap.org/way/174419789,53.9054131,-2.7914219,https://www.lancastercanalboathire.com/contact/,official_contact_page,https://www.google.com/search?q=Duck+Island+Boat+Company+Garstang+Marina+boat+hire,,Garstang Marina,,,https://www.lancastercanalboathire.com/contact/,07925 236621,duckislandboats@yahoo.co.uk,osm_verified,"Official contact page gives Garstang Marina, Nateby Crossing Lane, Garstang PR3 0JJ; matched to the named OSM marina.",
company_base,crabtree-narrowboat-hire,Crabtree Narrowboat Hire,https://www.crabtreenarrowboathire.com/,,,base:the-flower-bowl-marina,The Flower Bowl Marina,Lancashire,Lancaster Canal,crabtree-narrowboat-hire/the-flower-bowl-marina,,https://www.openstreetmap.org/way/177966829,53.8612846,-2.7474853,https://www.crabtreenarrowboathire.com/,official_base_page,https://www.google.com/search?q=Crabtree+Narrowboat+Hire+The+Flower+Bowl+Marina+boat+hire,,The Flower Bowl Marina,,,https://www.crabtreenarrowboathire.com/,07572 664949 / 01995 676209,,osm_verified,Official home page names The Flower Bowl Marina as the base; matched to the same site still named Barton Grange Marina in OSM.,
company_base,uk-canal-boating,UK Canal Boating,https://ukcanalboating.com/,,,base:aldermaston-wharf,Aldermaston Wharf,Berkshire,Kennet and Avon Canal,uk-canal-boating-map/aldermaston-wharf,,,51.4009381,-1.13438445,https://ukcanalboating.com/Aldermaston-location.html,official_location_page,https://www.google.com/search?q=UK+Canal+Boating+Aldermaston+Wharf+boat+hire,,Aldermaston Wharf,,,https://ukcanalboating.com/locations-map.html,01395 443363,bookings@ukcanalboating.com,provider_map_verified,Official UK Canal Boating locations page and embedded locations map both list Aldermaston Wharf; the detail page supplies the base address.,
company_base,uk-canal-boating,UK Canal Boating,https://ukcanalboating.com/,,,base:alvechurch-marina,Alvechurch Marina,Worcestershire,Worcester and Birmingham Canal,uk-canal-boating-map/alvechurch-marina,,https://www.openstreetmap.org/node/949650134,52.3472996,-1.969389,https://ukcanalboating.com/Alvechurch-location.html,official_location_page,https://www.google.com/search?q=UK+Canal+Boating+Alvechurch+Marina+boat+hire,,Alvechurch Marina,,,https://ukcanalboating.com/locations-map.html,01395 443363,bookings@ukcanalboating.com,osm_verified,Official UK Canal Boating locations page and embedded locations map both list Alvechurch Marina; the detail page supplies the base address.,
company_base,uk-canal-boating,UK Canal Boating,https://ukcanalboating.com/,,,base:anderton-marina,Anderton Marina,Cheshire,Trent and Mersey Canal,uk-canal-boating-map/anderton-marina,,https://www.openstreetmap.org/relation/16097687,53.2771838,-2.5254936,https://ukcanalboating.com/Anderton-location.html,official_location_page,https://www.google.com/search?q=UK+Canal+Boating+Anderton+Marina+boat+hire,,Anderton Marina,,,https://ukcanalboating.com/locations-map.html,01395 443363,bookings@ukcanalboating.com,osm_verified,Official UK Canal Boating locations page and embedded locations map both list Anderton Marina; the detail page supplies the base address.,
company_base,uk-canal-boating,UK Canal Boating,https://ukcanalboating.com/,,,base:blackwater-meadow-marina,Blackwater Meadow Marina,Shropshire,Llangollen Canal,uk-canal-boating-map/blackwater-meadow-marina,,https://www.openstreetmap.org/way/1218084438,52.9028617,-2.8890211,https://ukcanalboating.com/Blackwater-location.html,official_location_page,https://www.google.com/search?q=UK+Canal+Boating+Blackwater+Meadow+Marina+boat+hire,,Blackwater Meadow Marina,,,https://ukcanalboating.com/locations-map.html,01395 443363,bookings@ukcanalboating.com,osm_verified,Official UK Canal Boating locations page and embedded locations map both list Blackwater Meadow Marina; the detail page supplies the base address.,
company_base,uk-canal-boating,UK Canal Boating,https://ukcanalboating.com/,,,base:falkirk-wharf,Falkirk Wharf,Stirlingshire,Forth and Clyde Canal,uk-canal-boating-map/falkirk-wharf,,,55.99924144999999,-3.8350832999999995,https://ukcanalboating.com/Falkirk-location.html,official_location_page,https://www.google.com/search?q=UK+Canal+Boating+Falkirk+Wharf+boat+hire,,Falkirk Wharf,,,https://ukcanalboating.com/locations-map.html,01395 443363,bookings@ukcanalboating.com,provider_map_verified,Official UK Canal Boating locations page and embedded locations map both list Falkirk Wharf; the detail page supplies the base address. Retained but excluded while the routing artifact covers England only.,true
company_base,uk-canal-boating,UK Canal Boating,https://ukcanalboating.com/,,,base:gailey-wharf,Gailey Wharf,Staffordshire,Shropshire Union Canal,uk-canal-boating-map/gailey-wharf,,https://www.openstreetmap.org/way/545655463,52.6897219,-2.1197877,https://ukcanalboating.com/Gailey-location.html,official_location_page,https://www.google.com/search?q=UK+Canal+Boating+Gailey+Wharf+boat+hire,,Gailey Wharf,,,https://ukcanalboating.com/locations-map.html,01395 443363,bookings@ukcanalboating.com,osm_verified,Official UK Canal Boating locations page and embedded locations map both list Gailey Wharf; the detail page supplies the base address.,
company_base,uk-canal-boating,UK Canal Boating,https://ukcanalboating.com/,,,base:gayton-marina,Gayton Marina,Northamptonshire,Grand Union Canal,uk-canal-boating-map/gayton-marina,,https://www.openstreetmap.org/way/1187583407,52.1920716,-0.9455441,https://ukcanalboating.com/Gayton-location.html,official_location_page,https://www.google.com/search?q=UK+Canal+Boating+Gayton+Marina+boat+hire,,Gayton Marina,,,https://ukcanalboating.com/locations-map.html,01395 443363,bookings@ukcanalboating.com,osm_verified,Official UK Canal Boating locations page and embedded locations map both list Gayton Marina; the detail page supplies the base address.,
company_base,uk-canal-boating,UK Canal Boating,https://ukcanalboating.com/,,,base:goytre-wharf,Goytre Wharf,Monmouthshire,Monmouthshire and Brecon Canal,uk-canal-boating-map/goytre-wharf,,,51.7529555,-3.0034111500000003,https://ukcanalboating.com/Goytre-location.html,official_location_page,https://www.google.com/search?q=UK+Canal+Boating+Goytre+Wharf+boat+hire,,Goytre Wharf,,,https://ukcanalboating.com/locations-map.html,01395 443363,bookings@ukcanalboating.com,provider_map_verified,Official UK Canal Boating locations page and embedded locations map both list Goytre Wharf; the detail page supplies the base address. Retained but excluded while the routing artifact covers England only.,true
company_base,uk-canal-boating,UK Canal Boating,https://ukcanalboating.com/,,,base:hilperton-marina,Hilperton Marina,Wiltshire,Kennet and Avon Canal,uk-canal-boating-map/hilperton-marina,,https://www.openstreetmap.org/way/428517651,51.33815235,-2.203667717410713,https://ukcanalboating.com/Hilperton-location.html,official_location_page,https://www.google.com/search?q=UK+Canal+Boating+Hilperton+Marina+boat+hire,,Hilperton Marina,,,https://ukcanalboating.com/locations-map.html,01395 443363,bookings@ukcanalboating.com,osm_verified,Official UK Canal Boating locations page and embedded locations map both list Hilperton Marina; the detail page supplies the base address.,
company_base,uk-canal-boating,UK Canal Boating,https://ukcanalboating.com/,,,base:kings-orchard-marina,Kings Orchard Marina,Staffordshire,Coventry Canal,uk-canal-boating-map/kings-orchard-marina,,,52.69100303119615,-1.7814762490083236,https://ukcanalboating.com/Kings-location.html,official_location_page,https://www.google.com/search?q=UK+Canal+Boating+Kings+Orchard+Marina+boat+hire,,Kings Orchard Marina,,,https://ukcanalboating.com/locations-map.html,01395 443363,bookings@ukcanalboating.com,provider_map_verified,Official UK Canal Boating locations page and embedded locations map both list Kings Orchard Marina; the detail page supplies the base address.,
company_base,uk-canal-boating,UK Canal Boating,https://ukcanalboating.com/,,,base:march-marina,March Marina,Cambridgeshire,River Ouse,uk-canal-boating-map/march-marina,,,52.5553134298208,0.061396416448774305,https://ukcanalboating.com/March-location.html,official_location_page,https://www.google.com/search?q=UK+Canal+Boating+March+Marina+boat+hire,,March Marina,,,https://ukcanalboating.com/locations-map.html,01395 443363,bookings@ukcanalboating.com,provider_map_verified,Official UK Canal Boating locations page and embedded locations map both list March Marina; the detail page supplies the base address.,
company_base,uk-canal-boating,UK Canal Boating,https://ukcanalboating.com/,,,base:middlewich,Middlewich,Cheshire,Trent and Mersey Canal,uk-canal-boating-map/middlewich,,,53.190678580327294,-2.4452256912364954,https://ukcanalboating.com/Middlewich-location.html,official_location_page,https://www.google.com/search?q=UK+Canal+Boating+Middlewich+boat+hire,,Middlewich,,,https://ukcanalboating.com/locations-map.html,01395 443363,bookings@ukcanalboating.com,provider_map_verified,Official UK Canal Boating locations page and embedded locations map both list Middlewich; the detail page supplies the base address.,
company_base,uk-canal-boating,UK Canal Boating,https://ukcanalboating.com/,,,base:stone-marina,Stone Marina,Staffordshire,Trent and Mersey Canal,uk-canal-boating-map/stone-marina,,https://www.openstreetmap.org/way/216653584,52.90177865,-2.1490790490363394,https://ukcanalboating.com/Stone-location.html,official_location_page,https://www.google.com/search?q=UK+Canal+Boating+Stone+Marina+boat+hire,,Stone Marina,,,https://ukcanalboating.com/locations-map.html,01395 443363,bookings@ukcanalboating.com,osm_verified,Official UK Canal Boating locations page and embedded locations map both list Stone Marina; the detail page supplies the base address.,
company_base,uk-canal-boating,UK Canal Boating,https://ukcanalboating.com/,,,base:whitchurch-marina,Whitchurch Marina,Shropshire,Llangollen Canal,uk-canal-boating-map/whitchurch-marina,,https://www.openstreetmap.org/way/513617357,52.96794695,-2.7092016228561473,https://ukcanalboating.com/Whitchurch-location.html,official_location_page,https://www.google.com/search?q=UK+Canal+Boating+Whitchurch+Marina+boat+hire,,Whitchurch Marina,,,https://ukcanalboating.com/locations-map.html,01395 443363,bookings@ukcanalboating.com,osm_verified,Official UK Canal Boating locations page and embedded locations map both list Whitchurch Marina; the detail page supplies the base address.,
company_base,uk-canal-boating,UK Canal Boating,https://ukcanalboating.com/,,,base:worcester-marina,Worcester Marina,Worcestershire,Worcester and Birmingham Canal,uk-canal-boating-map/worcester-marina,,https://www.openstreetmap.org/way/297347764,52.1964865,-2.2164465479036215,https://ukcanalboating.com/Worcester-location.html,official_location_page,https://www.google.com/search?q=UK+Canal+Boating+Worcester+Marina+boat+hire,,Worcester Marina,,,https://ukcanalboating.com/locations-map.html,01395 443363,bookings@ukcanalboating.com,osm_verified,Official UK Canal Boating locations page and embedded locations map both list Worcester Marina; the detail page supplies the base address.,
company_base,uk-canal-boating,UK Canal Boating,https://ukcanalboating.com/,,,base:wrenbury-mill,Wrenbury Mill,Cheshire,Llangollen Canal,uk-canal-boating-map/wrenbury-mill,,https://www.openstreetmap.org/way/40267524,53.0283476,-2.6131254,https://ukcanalboating.com/Wrenbury-location.html,official_location_page,https://www.google.com/search?q=UK+Canal+Boating+Wrenbury+Mill+boat+hire,,Wrenbury Mill,,,https://ukcanalboating.com/locations-map.html,01395 443363,bookings@ukcanalboating.com,osm_verified,Official UK Canal Boating locations page and embedded locations map both list Wrenbury Mill; the detail page supplies the base address.,
review_positive,boat-hire-review,Boat-hire review,,,,node/6772539319/marina,Richardsons Boating Holidays,,,node/6772539319/marina,1,https://www.openstreetmap.org/node/6772539319,52.7663097,1.5188156,https://www.openstreetmap.org/node/6772539319,review_json,https://www.google.com/search?q=Richardsons+Boating+Holidays,,,,,,,,identified_positive,Human-reviewed vacation_hire; identify the operating company and set operator_id when ownership is confirmed.,
review_positive,boat-hire-review,Boat-hire review,,,,node/949650134/marina,Alvechurch Marina,"Alvechurch, B48 7SQ",,node/949650134/marina,273,https://www.openstreetmap.org/node/949650134,52.3472996,-1.969389,https://www.openstreetmap.org/node/949650134,review_json,https://www.google.com/search?q=Alvechurch+Marina,https://alvechurchmarina.com/,,,,,,,identified_positive,Human-reviewed vacation_hire; identify the operating company and set operator_id when ownership is confirmed.,
review_positive,boat-hire-review,Boat-hire review,,,,node/961885968/landmark,Wherry Hathor,,,node/961885968/landmark,9,https://www.openstreetmap.org/node/961885968,52.7176847,1.5076401,https://www.openstreetmap.org/node/961885968,review_json,https://www.google.com/search?q=Wherry+Hathor,https://www.wherryyachtcharter.org,,,,,,,identified_positive,Human-reviewed vacation_hire; identify the operating company and set operator_id when ownership is confirmed.,
review_positive,boat-hire-review,Boat-hire review,,,,way/1302283620/marina,College Cruisers,,,way/1302283620/marina,8,https://www.openstreetmap.org/way/1302283620,51.75817465,-1.270494512230003,https://www.openstreetmap.org/way/1302283620,review_json,https://www.google.com/search?q=College+Cruisers,https://www.collegecruisers.com/,,,,,,,identified_positive,Human-reviewed vacation_hire; identify the operating company and set operator_id when ownership is confirmed.,
review_positive,boat-hire-review,Boat-hire review,,,,way/216653584/marina,Canal Cruising Company,ST15 8QN,,way/216653584/marina,2,https://www.openstreetmap.org/way/216653584,52.90177865,-2.1490790490363394,https://www.openstreetmap.org/way/216653584,review_json,https://www.google.com/search?q=Canal+Cruising+Company,https://www.canalcruising.co.uk/,,,,,,,identified_positive,Human-reviewed vacation_hire; identify the operating company and set operator_id when ownership is confirmed.,
review_positive,boat-hire-review,Boat-hire review,,,,way/297347764/marina,Worcester Marina,,,way/297347764/marina,510,https://www.openstreetmap.org/way/297347764,52.196486500000006,-2.2164465479036215,https://www.openstreetmap.org/way/297347764,review_json,https://www.google.com/search?q=Worcester+Marina,https://www.worcestermarina.com/,,,,,,,identified_positive,Human-reviewed vacation_hire; identify the operating company and set operator_id when ownership is confirmed.,
review_positive,boat-hire-review,Boat-hire review,,,,way/428517651/marina,Hilperton Marina,,,way/428517651/marina,536,https://www.openstreetmap.org/way/428517651,51.33815235,-2.203667717410713,https://www.openstreetmap.org/way/428517651,review_json,https://www.google.com/search?q=Hilperton+Marina,https://www.hilpertonmarina.com/,,,,,,,identified_positive,Human-reviewed vacation_hire; identify the operating company and set operator_id when ownership is confirmed.,
review_positive,boat-hire-review,Boat-hire review,,,,way/513617357/marina,Whitchurch Marina,"Whitchurch, SY13 3AA",,way/513617357/marina,555,https://www.openstreetmap.org/way/513617357,52.96794695,-2.7092016228561473,https://www.openstreetmap.org/way/513617357,review_json,https://www.google.com/search?q=Whitchurch+Marina,https://www.abcboathire.com/our-locations/whitchurch-marina,,,,,,,identified_positive,Human-reviewed vacation_hire; identify the operating company and set operator_id when ownership is confirmed.,
review_positive,boat-hire-review,Boat-hire review,,,,way/537924789/marina,Heritage Marina,,,way/537924789/marina,58,https://www.openstreetmap.org/way/537924789,53.11616925,-2.2395183512140937,https://www.openstreetmap.org/way/537924789,review_json,https://www.google.com/search?q=Heritage+Marina,https://heritagenarrowboats.co.uk/,,,,,,,identified_positive,Human-reviewed vacation_hire; identify the operating company and set operator_id when ownership is confirmed.,
review_positive,boat-hire-review,Boat-hire review,,,,way/849750407/marina,Kris Cruisers,,,way/849750407/marina,7,https://www.openstreetmap.org/way/849750407,51.4818899,-0.5818921627933489,https://www.openstreetmap.org/way/849750407,review_json,https://www.google.com/search?q=Kris+Cruisers,,,,,,,,identified_positive,Human-reviewed vacation_hire; identify the operating company and set operator_id when ownership is confirmed.,
review_positive,boat-hire-review,Boat-hire review,,,,way/944433682/marina,Bridge Boatyard,"Ely, CB7 4DY",,way/944433682/marina,14,https://www.openstreetmap.org/way/944433682,52.3914126,0.26823237255035304,https://www.openstreetmap.org/way/944433682,review_json,https://www.google.com/search?q=Bridge+Boatyard,https://www.bridgeboatyard.com/,,,,,,,identified_positive,Human-reviewed vacation_hire; identify the operating company and set operator_id when ownership is confirmed.,
